CustomerID,Recency,Frequency,Monetary,TotalItems,UniqueProducts,AvgOrderValue,PC1,PC2
12347,2,7,2783.37,1701,93,397.6242857142857,3.2903771938253206,-0.6587708195600768
12348,249,3,90.19999999999999,140,6,30.066666666666663,-2.3772491913279765,-0.9728763472948418
12349,19,1,939.75,511,57,939.75,1.3792734585565474,1.663138898870179
12350,310,1,294.40000000000003,196,16,294.40000000000003,-0.9775855119884664,1.6276495169318772
12352,36,7,1130.94,500,49,161.56285714285715,1.3315387626976851,-0.5259034430654824
12353,204,1,29.300000000000004,14,2,29.300000000000004,-4.319302984910296,-0.8589651646546985
12354,232,1,642.13,355,39,642.13,0.2593352558291188,2.3023497783444977
12355,214,1,179.4,72,8,179.4,-1.902240931976963,0.9195606837234862
12356,246,2,491.06,386,25,245.53,-0.15604042322582604,1.2019466922821078
12357,33,1,1289.3500000000001,1077,67,1289.3500000000001,1.8472236945489766,2.2239282969118066
12358,2,2,92.82,70,5,46.41,-1.7013711237188258,-2.329064976465253
12359,58,4,3072.9300000000003,1405,156,768.2325000000001,2.8086050848901998,1.5101699439871168
12360,52,3,1793.3600000000001,1076,97,597.7866666666667,2.108920513494391,1.332990635475408
12361,287,1,174.9,90,9,174.9,-1.8641604617792744,1.0442831249929139
12362,3,10,3922.54,1952,170,392.254,3.826840989923324,-0.6990339747190238
12363,110,2,345.78,318,17,172.89,-0.47497360321756177,0.5160335501562562
12364,8,3,1106.28,1281,67,368.76,2.032182113739612,0.14783686064804766
12365,291,1,307.94,172,20,307.94,-0.8908341545084195,1.6515006098811933
12367,4,1,138.3,112,9,138.3,-1.082223674123309,-0.8428171553619523
12370,51,4,1927.73,1090,118,481.9325,2.2642477226532,1.009636912531553
12371,60,1,1201.46,472,56,1201.46,1.2936911961603843,2.3371322092902163
12372,72,3,663.54,550,32,221.17999999999998,0.5736583994462406,0.4587261896119934
12373,311,1,221.10000000000002,126,10,221.10000000000002,-1.537808430337722,1.3114478573183808
12374,25,1,479.71,313,28,479.71,0.33494965821643496,1.0920536915456798
12375,11,2,200.10000000000002,102,10,100.05000000000001,-1.0257386585005854,-1.0083466968696804
12377,315,2,1157.52,834,63,578.76,1.1075671073377755,2.1838158682152256
12378,130,1,3188.62,1987,190,3188.62,2.9041675118044297,3.7130678185444115
12379,82,2,660.24,342,36,330.12,0.41426706264399055,1.0269081192563096
12380,22,4,1505.05,796,70,376.2625,1.926528347606862,0.3841895980126138
12381,5,5,1253.46,742,63,250.692,2.0237861332475005,-0.6664651757334237
12383,185,5,1069.04,985,70,213.808,1.289795152366681,0.6624362457759424
12384,29,2,286.32,107,17,143.16,-0.730115734504914,-0.26604038640249617
12386,367,1,144.3,82,6,144.3,-2.2454441876165494,0.9413212784602945
12388,16,6,1465.66,814,48,244.27666666666667,1.8607540454249842,-0.3743870374615356
12390,80,1,407.74,308,26,407.74,-0.07697758367328762,1.4192586481823657
12391,22,1,428.11,270,89,428.11,0.6716626795957827,1.0380648941272639
12393,72,4,1193.5,618,45,298.375,1.2245959451967223,0.6097207916843059
12394,217,1,331.18,178,19,331.18,-0.7764809653882271,1.5898475047206548
12395,19,12,1844.5700000000002,1191,75,153.71416666666667,2.396404400377285,-1.0574084393234153
12397,36,2,1720.01,1139,96,860.005,2.1704194543548407,1.6886273434103691
12398,46,1,1273.24,1299,80,1273.24,1.9042912538716938,2.377219508817648
12399,119,4,684.6,690,41,171.15,0.6800690397947309,0.3349617427536473
12401,303,1,32.85,7,2,32.85,-4.54597061378006,-0.6385268735514376
12402,323,1,195.6,92,10,195.6,-1.7557813545990157,1.2007751654899788
12403,50,1,9.9,2,1,9.9,-5.570874692649778,-2.474541905377405
12405,149,1,708.57,407,34,708.57,0.4297649700058257,2.1998289174722667
12406,22,2,1646.22,1158,69,823.11,2.115319666551825,1.4219330724344736
12407,50,5,932.01,814,46,186.402,1.2307365955949319,-0.04945402691149373
12408,33,5,1311.77,889,67,262.354,1.7694184750642743,0.11712570655089553
12409,79,3,162.63,145,7,54.21,-1.602232496992322,-0.9344051414510596
12410,309,1,234.63,153,13,234.63,-1.3230715780740934,1.3953383743054353
12412,75,3,820.5,626,38,273.5,0.8463539819309042,0.6837158613902599
12413,67,3,545.2,268,23,181.73333333333335,0.046430638688032225,0.1822715114086572
12414,217,3,174.45000000000002,117,9,58.150000000000006,-1.7549214469667331,-0.4474313670675835
12415,37,8,469.6,298,69,58.7,0.5950110084739586,-1.4684329865089638
12417,3,9,2092.35,1246,123,232.48333333333332,3.026236501233257,-1.1480717680818697
12418,113,1,314.21,310,23,314.21,-0.4025426718141066,1.3257204269121727
12420,64,1,340.7,174,19,340.7,-0.4971362079107804,1.1059882105098702
12421,16,4,607.57,429,30,151.8925,0.720400081836806,-0.6464143172998499
12422,96,3,645.3100000000001,364,37,215.10333333333335,0.3963806157542257,0.5399586289911603
12423,1,8,1449.69,1267,90,181.21125,2.7574165951785536,-1.6113598020673805
12424,163,2,233.92000000000002,124,15,116.96000000000001,-1.2556407899993614,0.2695466944695833
12425,78,1,467.34000000000003,300,29,467.34000000000003,0.06899992875436885,1.5353720298263
12426,195,1,446.08000000000004,247,25,446.08000000000004,-0.29447398294431915,1.8496081429904891
12427,22,3,382.66,188,20,127.55333333333334,-0.1768171285217329,-0.6135707821694653
12428,26,8,3768.98,2669,208,471.1225,3.54561876825171,0.43411818003617
12429,9,4,1049.34,738,54,262.335,1.6942302079514693,-0.30648348558397076
12430,43,1,129.0,104,8,129.0,-1.6823143732077175,-0.006477492860782304
12431,60,13,3032.51,1489,132,233.27,2.8600524471630218,-0.21212878657116385
12432,43,3,840.1800000000001,506,53,280.06,1.0379990218287778,0.49182997412818574
12433,1,7,4304.1,3444,151,614.8714285714286,4.172421878481452,-0.3590515886487218
12434,85,2,532.24,352,37,266.12,0.2572684937242806,0.8592079933099506
12436,100,1,207.16,166,10,207.16,-1.2426666676343439,0.8003926609874308
12437,2,18,2544.42,1916,102,141.35666666666668,3.4148657810406227,-2.121502024596462
12438,14,2,1312.1200000000001,826,63,656.0600000000001,1.871089707712747,1.0152896330010326
12441,367,1,155.55,120,10,155.55,-1.8686668471527101,1.0730691672701038
12442,3,1,144.06,181,11,144.06,-0.7552945935717775,-0.8528801213403024
12444,21,5,2119.61,929,108,423.922,2.4491075027925557,0.3981289819969109
12445,22,1,77.4,60,3,77.4,-2.4625067830927465,-0.8295862503263187
12446,58,1,734.36,326,45,734.36,0.6915814363996253,1.8510589525443806
12447,243,1,379.79,181,22,379.79,-0.6309904553438457,1.7700489249293876
12448,44,1,283.95,237,19,283.95,-0.4488826095257933,0.8139539175267152
12449,22,4,2573.64,1378,104,643.41,2.7066189325632015,0.9225476633257855
12450,156,2,131.88,88,7,65.94,-2.0969098249081135,-0.3289522887229789
12451,11,5,4307.89,3422,206,861.5780000000001,3.872855923281221,0.9054498392600888
12452,17,1,287.67,175,19,287.67,-0.3473442753549077,0.4216532466060323
12453,134,1,707.09,473,43,707.09,0.5971976734403279,2.185044586985594
12455,73,5,932.86,668,59,186.572,1.1759904695237318,0.1172085632929998
12456,44,3,1465.24,1090,85,488.41333333333336,1.937274445844799,1.0775287837058196
12457,86,2,840.13,459,40,420.065,0.7420741142908317,1.2845394697553238
12458,71,2,565.58,334,29,282.79,0.2306074153395096,0.8119549712857165
12461,155,1,419.08000000000004,256,29,419.08000000000004,-0.22360607806481733,1.715466589605196
12462,19,2,657.8,406,38,328.9,0.8063237081198644,0.4435768394453092
12463,53,4,1155.38,764,62,288.845,1.4677089338334897,0.498472438862977
12464,150,4,76.5,30,1,19.125,-3.4288019691112357,-1.9262667367667143
12465,17,2,621.49,425,43,310.745,0.8493625442791367,0.36441952994687693
12468,188,2,505.19,297,31,252.595,-0.08671725368660717,1.1167449588123277
12471,2,26,5742.55,3792,128,220.8673076923077,4.449268402403952,-1.9073788047479114
12472,32,7,4543.17,3494,202,649.0242857142857,3.721970003082643,0.8903623369243434
12473,54,3,2143.05,1767,121,714.35,2.5093496677296607,1.5561511838499074
12474,17,17,5894.89,4232,234,346.75823529411764,4.295878437263306,-0.4279174608555319
12475,54,1,483.34000000000003,288,29,483.34000000000003,0.16019929425771923,1.4102419501964039
12476,16,10,2862.79,1607,134,286.279,3.0955263410975795,-0.4009542265163687
12477,23,6,3325.9,1476,129,554.3166666666667,3.039660427993646,0.6113522259241247
12478,4,1,479.59000000000003,225,32,479.59000000000003,0.6283790385662322,0.3917275586900956
12479,11,1,426.35,377,28,426.35,0.4784588983368422,0.6778446827000177
12480,28,4,2178.14,1272,118,544.535,2.544835952664707,0.8811577606171138
12481,23,10,3000.2,2248,121,300.02,3.138263586097214,-0.20336193739760286
12483,17,7,1095.52,676,38,156.50285714285715,1.4741162362389877,-0.8588588849676637
12484,35,4,3336.98,1940,230,834.245,3.2536907383905183,1.4319971487258383
12488,10,3,700.64,376,36,233.54666666666665,0.9394115998863841,-0.30110557861978643
12489,336,1,191.43,93,10,191.43,-1.7775069974669095,1.1992974195297186
12490,5,10,3575.13,2371,117,357.51300000000003,3.5866839102669017,-0.6316397114495732
12491,39,1,350.75,183,23,350.75,-0.2766151450115284,0.9481218562102616
12492,63,2,227.21,190,18,113.605,-0.8497337415241839,-0.10605289030538304
12493,166,2,332.91,167,16,166.455,-0.8499670869907971,0.6071172729731275
12494,16,7,951.75,685,59,135.96428571428572,1.5528216862290523,-0.9633485349501596
12497,82,1,20.4,24,1,20.4,-4.373630284247755,-1.5449301404504772
12498,21,3,349.70000000000005,156,20,116.56666666666668,-0.3053664426718967,-0.722091133530975
12500,50,6,319.99,161,22,53.33166666666667,-0.46785239595795336,-1.4028870413627896
12501,337,1,1866.66,1618,138,1866.66,2.0707008478965014,3.60128588211187
12502,96,5,1403.6200000000001,584,71,280.72400000000005,1.4638122395102016,0.5929629540508181
12504,30,1,60.0,48,2,60.0,-2.921381493547591,-0.9641112269664261
12506,233,1,57.6,21,21,57.6,-2.889265002302357,-0.018346917760673608
12507,299,1,206.10000000000002,126,9,206.10000000000002,-1.6227655978941906,1.2252570420881013
12508,26,2,398.27,272,57,199.135,0.3581036261140019,0.14527979093881951
12509,284,1,25.5,30,3,25.5,-4.1191008408794545,-0.7632602610379271
12510,143,2,467.65000000000003,271,26,233.82500000000002,-0.18924854127478477,0.914049510770222
12512,66,2,130.08,98,30,65.04,-1.3403137173254176,-0.5639847910620757
12513,113,1,520.04,456,33,520.04,0.2747541014372258,1.8207856780466571
12514,267,1,737.98,410,43,737.98,0.4290247785965643,2.50016948129517
12515,353,1,190.8,120,11,190.8,-1.6644365075080303,1.241681385209181
12516,78,2,104.08,106,7,52.04,-2.064751489634984,-0.8073508302762672
12517,28,4,2198.09,1346,221,549.5225,2.8221201859172216,0.9510289335841384
12518,1,5,1654.03,1254,80,330.806,2.7682718813205964,-0.8299366307965302
12519,64,1,252.84,176,15,252.84,-0.8178280596360264,0.8272128268284018
12520,79,5,2009.54,1379,112,401.908,2.2816786674592744,0.9218240191715481
12521,143,1,457.43,281,33,457.43,-0.05306497133607628,1.7757183172607118
12522,39,2,152.72,92,9,76.36,-1.5770134844378092,-0.7521136926109689
12523,19,11,1238.31,765,62,112.57363636363635,1.8354665131540182,-1.3190469905548277
12524,9,8,1484.01,1158,73,185.50125,2.3078569735595686,-0.942018310769882
12526,1,3,1074.46,614,58,358.15333333333336,2.0152897596332378,-0.5688648172996742
12527,82,3,195.91,181,14,65.30333333333333,-1.1328745708791268,-0.6863691669901765
12528,9,6,983.03,661,36,163.83833333333334,1.4736152909625375,-0.9824982292482147
12530,60,4,843.4200000000001,466,41,210.85500000000002,0.8508980550107291,0.20657435300743485
12531,15,1,95.27,44,16,95.27,-1.751590655663592,-0.6876094830468367
12532,30,1,252.33,137,13,252.33,-0.8009508239492569,0.48654148070421
12534,131,1,828.73,630,55,828.73,0.9280734175274378,2.3548091825182373
12535,92,2,488.75,185,22,244.375,-0.2606823221389169,0.7293294795417355
12536,59,1,3511.05,2455,227,3511.05,3.299154164048044,3.5000859320040596
12538,29,1,258.75,179,16,258.75,-0.5998086084783582,0.5300770470009801
12539,22,4,4017.4,1920,133,1004.35,3.277078887229586,1.3540686857596267
12540,20,17,6031.14,4646,229,354.7729411764706,4.305432379512539,-0.33941802754346506
12541,30,3,721.38,629,42,240.46,0.9819143641719903,0.20582596046328297
12544,36,1,284.9,130,17,284.9,-0.6621940910855896,0.6860056972871202
12545,75,2,698.8,468,34,349.4,0.5697446428508369,1.0544949457695625
12546,47,2,969.58,528,55,484.79,1.1612439395623038,1.1980952174995931
12547,198,2,151.8,132,6,75.9,-1.946241473163656,-0.09509483608478415
12548,166,1,67.19999999999999,48,4,67.19999999999999,-2.997529986739362,-0.11377401553824978
12550,79,1,748.88,555,52,748.88,0.8896721467288424,2.0435415801967753
12551,358,1,168.0,100,10,168.0,-1.8681719705828483,1.1174922602816102
12552,40,1,165.47,70,9,165.47,-1.57073305916117,0.1634279510039587
12553,8,10,2729.7000000000003,1563,87,272.97,3.0158989793194197,-0.7504884808222603
12556,50,2,517.81,349,93,258.905,0.7094400920610175,0.7005296422159414
12558,8,1,145.16,136,9,145.16,-1.1030392287731297,-0.5421509597112737
12559,320,1,210.96,178,14,210.96,-1.3323899750460957,1.3340862483045917
12560,5,2,1482.36,943,79,741.18,2.3057465641405934,0.7669198084684111
12561,303,1,207.05,173,14,207.05,-1.3455005618572433,1.2932359410403214
12562,8,7,2473.2200000000003,1395,88,353.31714285714287,2.8623900099498365,-0.31911842247752836
12564,261,1,336.15000000000003,125,17,336.15000000000003,-0.9745790462819832,1.6470214213869867
12565,289,1,145.92000000000002,80,9,145.92000000000002,-2.0505644281802895,0.8829078844543439
12566,86,1,222.13,208,14,222.13,-0.949401548605938,0.8419478509911751
12567,23,10,6536.83,3770,283,653.683,4.2802485403834725,0.5856283647164798
12569,2,28,2345.09,1493,80,83.7532142857143,3.2294341256483636,-2.898104327501292
12571,40,2,489.37,451,29,244.685,0.3483479654681145,0.47011204434582926
12572,9,2,650.87,391,45,325.435,1.0022756071115417,0.1569646307182646
12573,227,1,150.59,83,25,150.59,-1.5774450525659658,0.9010181630805211
12574,316,1,162.55,57,9,162.55,-2.106314614315948,0.9917090657625952
12576,36,5,1225.31,915,67,245.06199999999998,1.7074453352240584,0.09531165958386449
12577,35,3,570.65,463,133,190.21666666666667,1.107950551404696,0.15161551082623734
12578,21,2,1904.8600000000001,1063,97,952.4300000000001,2.34421545561532,1.556019805048765
12579,78,1,329.12,276,24,329.12,-0.311236465748228,1.208544832180187
12580,247,1,379.7,236,23,379.7,-0.5218848974715791,1.7978767949114234
12581,40,1,169.76,159,13,169.76,-1.1210613528100395,0.27007069942274026
12582,239,2,313.92,200,18,156.96,-0.866153038742513,0.7303389610533709
12583,3,15,2556.08,2052,90,170.40533333333332,3.305435937458328,-1.7302599950842419
12584,4,8,794.6,224,23,99.325,0.9214002313636226,-1.984543227688341
12585,234,2,1173.35,950,68,586.675,1.2605212009818072,2.0870664605059837
12586,17,1,186.54000000000002,78,10,186.54000000000002,-1.2190344475303128,-0.06185746355847051
12587,8,1,20.8,10,1,20.8,-4.170084275751142,-2.5131746465013673
12588,39,1,79.65,43,5,79.65,-2.517616420711541,-0.556573437110287
12589,29,2,417.28,288,22,208.64,0.022302719589404888,0.14710827725694647
12591,317,1,323.1,220,22,323.1,-0.7462965785005466,1.753417896266799
12592,92,2,350.6,228,9,175.3,-0.7808192751676991,0.3773240938505386
12593,109,3,342.6,194,12,114.2,-0.7874633947364302,-0.09617592790418182
12594,47,7,1865.22,1020,41,266.46,1.8583838271690927,0.0468038764830904
12596,51,2,288.27,234,17,144.135,-0.5631613341548151,0.0210428684167051
12597,19,4,2499.07,1701,148,624.7675,2.9304126398224724,0.8848879552093949
12598,10,7,1739.01,1183,67,248.43,2.3724199669560058,-0.5764979986348663
12599,29,7,719.38,804,30,102.76857142857143,1.0014293960038732,-1.0183347723672058
12600,29,9,603.9200000000001,398,27,67.10222222222222,0.5958228522368915,-1.5902995175485994
12601,190,5,371.51,203,19,74.30199999999999,-0.6280549293234561,-0.46045670997287874
12602,59,1,129.22,160,11,129.22,-1.4786818865562013,0.17972748270389713
12604,79,2,236.18,200,14,118.09,-0.9442397034184388,0.0020989273269226135
12607,60,1,1450.66,1177,95,1450.66,1.982686296350961,2.6093349192198843
12609,78,3,846.11,533,49,282.0366666666667,0.9033437193120755,0.7393215891355532
12610,23,4,1400.44,968,70,350.11,1.931134965792822,0.3522498240966984
12611,52,1,884.92,608,58,884.92,1.18794899522806,2.0320974023602854
12612,74,1,220.8,128,9,220.8,-1.258997740027535,0.705168489923192
12613,57,4,2554.2000000000003,1360,114,638.5500000000001,2.5295850155211874,1.3111070252835704
12614,278,1,218.15,65,14,218.15,-1.6372977561611817,1.2392085301603701
12615,2,4,1389.83,913,71,347.4575,2.365157582757205,-0.5280407695034752
12616,95,2,386.8,250,20,193.4,-0.38000587311558603,0.5510073595454648
12617,29,1,335.63,211,37,335.63,-0.013069847616543069,0.8415473407460059
12618,22,1,121.41,93,9,121.41,-1.585830182281435,-0.32798514121419553
12619,16,8,681.02,708,32,85.1275,1.0757546423463074,-1.500025098749049
12620,15,3,1100.14,838,78,366.71333333333337,1.807864656760438,0.3703749622894773
12621,2,18,6051.06,4151,226,336.17,4.696258996656378,-1.2465368805271138
12622,232,1,123.85,65,8,123.85,-2.248071726850671,0.6263472425852978
12623,276,1,230.1,169,16,230.1,-1.2002130085838647,1.3558856061003557
12624,106,2,492.78000000000003,342,30,246.39000000000001,0.05662517056128949,0.8630533136899042
12625,212,2,1037.32,1103,57,518.66,1.169190104113142,1.9323533393687522
12626,23,9,3931.71,2627,205,436.8566666666667,3.606201939885165,0.24602947342664377
12627,11,6,3314.0,2079,148,552.3333333333334,3.36753797542104,0.3529483678658442
12628,4,3,665.46,403,32,221.82000000000002,1.0507912622144564,-0.6822483395262566
12630,10,2,905.08,530,53,452.54,1.4164306208141455,0.5179169819114855
12631,57,1,396.0,222,25,396.0,-0.160350067925065,1.2291371838934533
12633,59,4,1338.3400000000001,787,63,334.58500000000004,1.5779114995912427,0.6735634668455044
12635,90,2,1357.69,1001,86,678.845,1.6956167970718745,1.841465831741874
12637,67,8,4334.78,2555,182,541.8475,3.38491650907683,0.927325058381114
12638,33,1,498.25,541,37,498.25,0.6124219502890151,1.2982797451683974
12639,239,1,325.3,194,18,325.3,-0.8011596502779279,1.6153829365173038
12640,25,2,549.77,239,34,274.885,0.3720666339774765,0.3532599530992481
12641,115,1,128.9,69,8,128.9,-2.0424771479014967,0.37250233056075005
12642,25,3,558.25,385,34,186.08333333333334,0.5578201067329848,-0.14119501335779833
12643,221,1,12.08,26,2,12.08,-4.789076105812759,-1.5182812187830048
12644,130,1,417.12,284,27,417.12,-0.17912596574189016,1.638531040908358
12645,34,4,1044.78,744,51,261.195,1.3967697492508984,0.2098716615750095
12646,5,2,675.44,406,32,337.72,1.0241975620388128,-0.05347077510192717
12647,22,11,1338.61,741,60,121.69181818181818,1.8417960070539938,-1.198338929058233
12648,155,1,255.3,154,19,255.3,-0.960874063257146,1.2145638859129027
12649,107,3,349.55,219,19,116.51666666666667,-0.5514368103995143,-0.03840085847803145
12650,3,1,147.64000000000001,226,18,147.64000000000001,-0.4718815292693744,-0.7742986896336435
12651,335,1,114.0,78,9,114.0,-2.2859872754254167,0.7297797703459062
12652,331,1,685.48,468,43,685.48,0.371615094597651,2.534374619329493
12653,149,2,532.7,418,24,266.35,0.03067848803049916,1.065086548809141
12654,11,5,499.33000000000004,257,28,99.86600000000001,0.44488940124846843,-1.3152312316868693
12656,17,5,1647.45,841,61,329.49,2.031845918844006,0.03608887823407493
12657,11,3,523.4,271,22,174.46666666666667,0.3812952018395173,-0.5830155576605461
12658,19,1,495.8,282,28,495.8,0.380804234282625,1.0039999849557357
12659,30,1,45.6,32,3,45.6,-3.163054710641563,-1.1973894004388
12660,11,1,203.70000000000002,90,11,203.70000000000002,-0.9746758929889031,-0.13816697146126988
12662,1,11,3247.83,1934,122,295.2572727272727,3.7056411238521476,-1.3259405359348766
12664,87,3,108.0,72,6,36.0,-2.247521235986976,-1.300948591920304
12665,325,1,45.0,36,2,45.0,-3.7625099319849307,-0.2423241710058254
12667,58,1,410.23,385,29,410.23,0.12018576587194883,1.3161490548445824
12668,12,4,2223.8,1270,98,555.95,2.6628501845910297,0.5457446869218995
12669,151,2,1319.92,1057,89,659.96,1.5941778271689446,2.038596475174661
12670,10,5,1214.17,699,39,242.834,1.6560564714999542,-0.4879426398103558
12672,330,1,118.05,55,7,118.05,-2.46945524927778,0.7102987453790611
12673,5,2,420.62,279,34,210.31,0.5378115666783874,-0.48309641749812643
12674,39,4,1181.9,752,43,295.475,1.4020123344528792,0.35786085925798994
12676,25,6,749.39,556,30,124.89833333333333,0.9166300948744616,-0.8446368883396332
12678,43,6,439.19,362,27,73.19833333333334,0.1845223688428838,-1.1221701544809068
12679,284,1,639.86,320,38,639.86,0.1647037787040501,2.374546070318373
12680,1,4,736.97,399,29,184.2425,1.3023653403588549,-1.38368844972371
12681,15,21,7774.2,5213,232,370.2,4.642710754766171,-0.5433810438146741
12682,4,30,7179.77,4067,189,239.32566666666668,4.715909236497915,-1.6766477558344077
12683,4,14,4632.81,3645,163,330.915,4.161557736384174,-0.9253575051801342
12684,8,6,1332.39,1283,57,222.06500000000003,2.1572073205458504,-0.6780265681095969
12685,28,6,2237.25,1362,110,372.875,2.5920635722739096,0.3262824090801465
12686,372,1,71.14,106,6,71.14,-2.7110236437193023,0.3542084208630474
12688,114,1,1974.8,1544,114,1974.8,2.258696860001475,3.1778310040668507
12689,26,2,937.65,562,53,468.825,1.2688760999703192,0.9286335862454554
12690,206,1,265.11,97,13,265.11,-1.3022142890627277,1.3024913959125173
12691,58,4,402.8,192,19,100.7,-0.342361069950099,-0.5733607231396398
12693,127,4,476.51,219,28,119.1275,-0.1834591016707942,-0.0606174650403739
12694,70,2,400.82,382,25,200.41,-0.04697271150805012,0.5030116600721396
12695,7,4,232.16,138,15,58.04,-0.5459008569434166,-1.9263871029619213
12697,29,3,602.46,384,34,200.82000000000002,0.5856996567313822,-0.015408542148620516
12700,8,4,3561.64,2419,173,890.41,3.5756716650255207,0.8957800770205554
12701,80,2,652.45,632,44,326.225,0.7109286682931899,1.0646960134292138
12702,20,1,201.0,52,11,201.0,-1.303985236098863,0.04942500642498751
12703,71,1,265.55,163,20,265.55,-0.7203741030060666,0.933007174559457
12704,7,7,1013.82,573,49,144.83142857142857,1.6301837078861596,-1.2531965278294235
12705,15,8,4408.34,3159,193,551.0425,3.8156240644706343,0.35506636738068853
12707,292,1,375.82,232,28,375.82,-0.496975414002163,1.8753885859843162
12708,30,10,2064.86,1245,73,206.48600000000002,2.3724250860154554,-0.5053513914445135
12709,15,13,2240.45,1659,66,172.34230769230768,2.678893065566466,-1.0920366560734545
12710,97,3,909.8199999999999,798,69,303.2733333333333,1.1944059269290197,0.9503430040717968
12712,29,12,1513.23,589,41,126.1025,1.6587318102022641,-1.1600525506707096
12713,1,1,628.5,478,34,628.5,1.339157818448986,0.29729804490599077
12714,9,5,3494.55,2717,195,698.9100000000001,3.6416003999161783,0.6270248217830933
12715,106,1,273.86,195,19,273.86,-0.7376986263192344,1.132778967984847
12716,4,2,912.91,627,55,456.455,1.671450652826832,0.20942917948619807
12717,151,2,774.03,499,46,387.015,0.6399241466612424,1.4653620219925405
12718,71,1,182.35,199,17,182.35,-1.0065206887576037,0.6059413935080546
12719,5,2,498.55,363,30,249.275,0.718681503393376,-0.32999598118380424
12720,3,25,4297.2300000000005,3663,194,171.88920000000002,4.304079814583326,-1.9421050176981143
12721,32,6,2061.39,1730,118,343.565,2.6135800996388574,0.3314661997978408
12722,115,2,666.7,506,43,333.35,0.5597728550355145,1.2173106230069761
12723,4,4,519.13,365,48,129.7825,0.9892271673425878,-1.2628564047777424
12724,5,4,834.01,419,44,208.5025,1.339316386277286,-0.7752188583092003
12725,371,1,371.8,162,23,371.8,-0.7631782632814034,1.9250515098161882
12726,28,7,1411.5,1380,46,201.64285714285714,1.9031290536062364,-0.37566656730451026
12727,11,7,1717.7,1336,88,245.3857142857143,2.495422604515254,-0.5176524544664937
12728,71,4,525.73,329,29,131.4325,0.18081363659614455,-0.18710909901659725
12729,114,1,360.71000000000004,225,22,360.71000000000004,-0.42831604072326296,1.42430488192649
12731,24,10,2418.33,1539,52,241.833,2.4877367301027036,-0.47587559513324745
12732,180,1,178.26000000000002,78,10,178.26000000000002,-1.7605663621147842,0.8658330864358602
12733,234,1,276.85,95,20,276.85,-1.1410103667808242,1.4297498577761933
12734,353,1,16.8,40,2,16.8,-4.495597425687074,-1.0273681434336506
12735,315,2,375.07,331,27,187.535,-0.4487340517775756,1.0686196140867252
12738,372,1,110.39999999999999,144,8,110.39999999999999,-2.155868794497547,0.7756841612698475
12739,99,1,456.59999999999997,371,30,456.59999999999997,0.08894458568998606,1.6308331100917113
12740,64,1,344.8,296,24,344.8,-0.20642813883560307,1.1717614674422094
12743,134,2,425.23,307,104,212.615,0.33847042344074374,0.9396221462128478
12744,56,4,1843.94,1252,92,460.985,2.1605426850152676,0.9955114646532283
12747,2,11,1328.29,579,30,120.75363636363636,1.9217145918186,-2.137703092568974
12748,1,193,19543.81,14848,1596,101.26326424870467,7.333639836523223,-3.7662142102173704
12749,4,5,2571.41,1181,118,514.2819999999999,3.0487956208184017,-0.030909144171430883
12750,129,1,144.29999999999998,115,9,144.29999999999998,-1.7532118305575228,0.5605709964271681
12752,81,1,164.6,188,9,164.6,-1.37147307471874,0.5132023192508359
12753,136,4,106.08,72,5,26.52,-2.405057219738475,-1.5353696449941603
12754,277,2,61.62,49,49,30.81,-2.2906147758647717,-0.6040920445092479
12755,281,1,7.6,2,2,7.6,-5.971092900474656,-1.9264749845398461
12756,87,1,50.879999999999995,72,3,50.879999999999995,-3.018510932635983,-0.6150191437423959
12757,16,7,2900.15,1813,222,414.3071428571429,3.3116868707410054,0.18850120408736556
12758,117,2,1032.03,855,53,516.015,1.1736301938749067,1.6571849886669472
12759,52,3,1279.09,850,74,426.3633333333333,1.648993725932552,0.9990705641467035
12762,8,2,901.07,633,53,450.535,1.521224540566224,0.44156826934061216
12763,369,1,260.08,180,15,260.08,-1.1685086567697358,1.581747836867347
12764,317,1,500.33000000000004,227,25,500.33000000000004,-0.34028187383005154,2.1465309148476726
12766,4,7,4820.8,2986,182,688.6857142857143,4.083910664175962,0.13137566484794677
12769,239,1,317.34000000000003,158,16,317.34000000000003,-0.9393080521393384,1.5701686412209515
12772,60,1,615.3199999999999,538,45,615.3199999999999,0.7257099924436637,1.7439793643776105
12775,17,5,855.14,680,37,171.028,1.240711075253983,-0.591882309485529
12778,20,6,492.49,535,31,82.08166666666666,0.6315344379289152,-1.2956269539558034
12779,38,8,1974.43,1153,63,246.80375,2.1755956834303416,-0.1382737167650706
12781,64,2,239.64,228,11,119.82,-0.929272810957442,-0.08466738641166714
12782,5,5,1526.17,901,71,305.23400000000004,2.2969273500559346,-0.47205875343312736
12783,2,4,1011.3000000000001,532,60,252.82500000000002,1.8517145717186627,-0.8545717799795979
12784,15,1,497.07,296,51,497.07,0.682956788749865,0.9704489490621601
12785,364,1,197.0,108,11,197.0,-1.6838353154642298,1.2753670471690208
12787,10,3,274.66,184,14,91.55333333333334,-0.4187316394988427,-1.241498852813958
12790,192,1,199.42000000000002,154,16,199.42000000000002,-1.2674183427040937,1.074518213135958
12792,257,1,329.59000000000003,214,23,329.59000000000003,-0.6777258388301136,1.6852525376537952
12793,335,2,395.48,252,20,197.74,-0.634113643850707,1.0955888855996356
12794,53,2,698.3100000000001,524,39,349.15500000000003,0.7384491321455413,0.9305531313613962
12795,19,1,144.63,47,8,144.63,-1.7036453823852948,-0.2891160354246466
12797,366,1,206.13,115,11,206.13,-1.6267271095605667,1.3209526141133834
12802,187,1,397.58,312,24,397.58,-0.3075526919758336,1.7437547410516547
12808,37,3,445.7,186,25,148.56666666666666,-0.08497751625025643,-0.2521511142261924
12809,178,1,343.41,211,21,343.41,-0.6050958733634397,1.5586891443551318
12811,262,2,416.55,190,25,208.275,-0.5560001742059878,1.0395196056604816
12812,45,1,229.64000000000001,164,15,229.64000000000001,-0.8434879912787007,0.594366204185592
12815,148,2,648.0600000000001,322,31,324.03000000000003,0.19143230669395955,1.2383923821991338
12816,96,2,265.90000000000003,107,17,132.95000000000002,-1.045559512591743,0.1616561464780429
12817,281,1,27.04,16,1,27.04,-4.567456503727626,-0.8225321249674661
12818,262,1,75.60000000000001,48,4,75.60000000000001,-3.0050124387166393,0.17757983073154454
12820,3,4,885.82,656,53,221.455,1.7111111924796363,-0.8466113735393631
12821,214,1,75.72,68,5,75.72,-2.7624338097610943,0.1339058595254451
12822,71,2,743.28,456,37,371.64,0.653891320941342,1.0913945154310847
12824,60,1,316.42,222,22,316.42,-0.39772472179814916,1.0441222103255672
12826,3,7,1460.8,1010,57,208.68571428571428,2.3353210866828293,-1.1765823142403118
12827,6,3,385.6,188,19,128.53333333333333,0.07034841325654569,-1.1098927924780542
12828,3,6,871.51,462,43,145.25166666666667,1.5189528791806728,-1.4776997014739146
12829,337,1,28.5,6,2,28.5,-4.72664412421092,-0.7225354981287845
12831,262,1,82.75,41,5,82.75,-2.917273932157632,0.26220912745526
12832,32,2,366.53000000000003,193,26,183.26500000000001,-0.18139587363042373,0.06368745110764194
12833,145,1,307.03000000000003,145,17,307.03000000000003,-0.8645622610369018,1.333055484691728
12834,283,1,201.08,96,11,201.08,-1.655018538152616,1.1803761875154122
12836,59,4,1392.6100000000001,853,117,348.15250000000003,1.8833967518073222,0.7704762144535979
12837,173,1,58.75,17,7,58.75,-3.286641397963879,-0.2331754960890468
12838,34,2,586.48,349,109,293.24,0.9532431766346543,0.6654891137176979
12839,3,14,4778.67,3364,86,341.3335714285714,3.952141304804355,-1.0564101691364538
12840,144,4,2451.17,1407,67,612.7925,2.0982486444285082,1.6123337427811717
12841,5,25,3097.2400000000002,2207,215,123.88960000000002,3.8138689877196046,-2.078936619765449
12842,70,2,419.71000000000004,318,24,209.85500000000002,-0.09266791316769331,0.5272965437769801
12843,160,7,1114.49,572,57,159.21285714285713,1.1058906105666324,0.10011466766270853
12844,29,2,325.96000000000004,125,47,162.98000000000002,-0.17938935004721115,-0.05219402790058557
12845,269,2,54.79,23,23,27.395,-2.9350419738820044,-0.831805205146452
12847,22,1,463.39,470,57,463.39,0.7590032440965785,1.1018733202308393
12849,31,2,511.49,365,35,255.745,0.43395929780850956,0.40785958332194167
12851,97,1,108.28,107,41,108.28,-1.3685947331331247,0.32367788530265135
12852,295,1,264.15,145,15,264.15,-1.1853385958736735,1.4876899585908636
12853,135,5,1045.4,468,50,209.08,0.9386690219931145,0.43245210247683163
12854,79,3,927.34,479,84,309.11333333333334,1.1467407318077036,0.8667300843766319
12855,373,1,38.1,30,3,38.1,-3.8704462983045542,-0.3108891550756395
12856,8,6,1919.26,991,146,319.87666666666667,2.7243134137000937,-0.29148165631404693
12857,211,2,735.6,293,30,367.8,0.16748975101226715,1.4869804798596784
12863,52,1,49.8,36,2,49.8,-3.2858134699918966,-0.9170113292408077
12864,138,1,10.2,12,1,10.2,-5.236942335731055,-1.9350909132154535
12865,26,2,1355.82,862,79,677.91,1.872995129152261,1.3136449685212768
12866,283,1,344.92,151,20,344.92,-0.8421264314657367,1.7298036349213852
12867,26,7,3490.47,3689,235,498.6385714285714,3.6372907115039923,0.5948936152314315
12868,186,6,1534.71,921,68,255.785,1.5534768611862153,0.7101607335620651
12871,84,2,120.54,102,6,60.27,-2.033281230770489,-0.6660257231328414
12872,327,2,465.82,270,55,232.91,-0.0820880114270518,1.323450028933562
12876,58,2,958.42,778,51,479.21,1.2176596915358797,1.2928363587118699
12877,4,11,1175.71,1035,94,106.88272727272728,2.3722967668676773,-1.8865058908034678
12878,236,2,839.09,545,37,419.545,0.5532888909033054,1.7074085870162272
12879,45,2,45.160000000000004,40,3,22.580000000000002,-3.2186602691565898,-1.8676543785305633
12881,276,1,69.0,16,4,69.0,-3.4719258019521013,0.051759749650076854
12883,25,4,527.87,179,28,131.9675,0.17367586241876248,-0.6530808759718586
12884,88,1,107.25,37,5,107.25,-2.512853160958841,0.02505085032957108
12885,63,3,930.42,613,55,310.14,1.1205887866411357,0.7532113507384645
12886,68,2,1059.3600000000001,610,60,529.6800000000001,1.2383112052893526,1.4444589716846903
12888,255,1,25.200000000000003,12,1,25.200000000000003,-4.6973898657769935,-0.9396440891598318
12890,24,1,320.38,210,75,320.38,0.2658483833383758,0.78927153439053
12893,31,1,188.14,96,27,188.14,-0.8899515306936918,0.2872839652631029
12895,42,2,335.05,207,20,167.525,-0.3855382347991054,0.07792518341280534
12897,205,1,29.700000000000003,6,1,29.700000000000003,-4.748829093967062,-0.9331703142150222
12901,10,13,516.25,499,22,39.71153846153846,0.7429714033285271,-2.689325863851366
12902,265,1,87.78,62,7,87.78,-2.611268054947823,0.3710783989165791
12904,18,2,351.73,250,52,175.865,0.2704669392427656,-0.12344122586905734
12906,12,3,449.62,344,27,149.87333333333333,0.40887113413113185,-0.6470377874058857
12909,40,5,1022.4300000000001,741,58,204.48600000000002,1.4086512161967022,-0.04557684432920325
12910,23,6,766.0,584,33,127.66666666666667,1.0062265007645717,-0.8473981905017507
12912,8,2,46.8,40,2,23.4,-2.948960425985401,-2.548213245505053
12913,5,5,351.05,227,17,70.21000000000001,0.08389615994680723,-1.961484981267321
12915,149,2,201.05,77,11,100.525,-1.6415149594641232,0.043861038207454385
12916,139,4,1386.3500000000001,635,41,346.58750000000003,1.1737773841696468,1.0057755857528836
12919,8,6,762.41,457,31,127.06833333333333,1.1043615541813538,-1.2840223917345228
12920,17,1,108.34,90,23,108.34,-1.2829687469144881,-0.44926557383813015
12921,9,37,10832.45,6800,217,292.7689189189189,5.163068647774158,-1.303071228865581
12922,161,1,377.3,298,26,377.3,-0.3021182168893196,1.6401521606788096
12923,64,1,157.07,67,27,157.07,-1.3163155490157716,0.40480622753738565
12924,88,4,132.7,65,13,33.175,-1.834320984910065,-1.4546321899469339
12925,5,2,636.13,489,38,318.065,1.1110065382761332,-0.07777200449288814
12928,35,5,1380.74,874,51,276.148,1.6838680511888653,0.15933767477960498
12929,312,1,70.95,33,5,70.95,-3.152422216941193,0.18916376518943637
12930,78,2,389.61,219,19,194.805,-0.39895177523735287,0.4624546054521342
12931,67,2,48.160000000000004,42,3,24.080000000000002,-3.237661952018143,-1.647028431004384
12933,24,3,465.47,220,93,155.15666666666667,0.6160008678344105,-0.2590435823947158
12935,2,7,1851.55,1536,70,264.50714285714287,2.818658671488907,-1.0453822794138588
12936,17,3,616.3,391,53,205.4333333333333,0.8956596176769748,-0.16805186497925959
12937,15,4,1233.1200000000001,866,77,308.28000000000003,1.9166288922494594,0.07348583956710412
12938,26,1,100.22,92,8,100.22,-1.8176220402009624,-0.43677243863704507
12940,55,2,529.47,326,68,264.735,0.5581272222915613,0.7256934798975426
12942,131,3,505.0,187,60,168.33333333333334,0.08396429591177984,0.45761671570260326
12944,36,2,519.81,281,26,259.905,0.20514103162190475,0.43876719615654086
12945,288,1,264.25,111,15,264.25,-1.2760005739748714,1.460677831115045
12947,144,5,1150.79,947,70,230.158,1.388321297000429,0.6194044652214724
12948,16,7,1807.76,927,73,258.25142857142856,2.2531181904350963,-0.3685129364675781
12949,31,8,3439.04,2115,148,429.88,3.2160727432583185,0.3789308081500462
12950,8,2,117.8,140,7,58.9,-1.3918542239266622,-1.5934540576090288
12951,9,6,979.12,494,51,163.18666666666667,1.501182085961406,-0.9731351487440686
12952,6,4,1058.26,530,51,264.565,1.6366784765846614,-0.47539905215514333
12953,10,1,192.45000000000002,71,10,192.45000000000002,-1.12020913762773,-0.24723779285004258
12955,1,11,2547.6,2080,70,231.6,3.3201143421742967,-1.5831154325185341
12956,306,1,74.67,31,16,74.67,-2.7134195694427046,0.31827128616948575
12957,10,8,3457.64,2314,185,432.205,3.5757129620978736,-0.03716287496151213
12962,7,2,240.89000000000001,127,14,120.44500000000001,-0.587915892261137,-0.974991941812717
12963,8,8,1474.41,744,65,184.30125,2.1196555442506986,-1.0313299011893349
12965,89,1,597.71,264,94,597.71,0.6501308570664912,1.903088098134745
12966,10,1,147.68,74,9,147.68,-1.3521037405937497,-0.48255101513595827
12967,372,1,81.7,38,4,81.7,-3.103699310333113,0.3757458889600869
12968,112,1,64.8,48,3,64.8,-3.0296346724874206,-0.32944398239994355
12970,7,4,356.82,266,109,89.205,0.8001286692423373,-1.334435814114203
12971,4,74,3186.77,2321,78,43.06445945945946,3.667099253225369,-3.8722911384214904
12974,198,1,77.15,17,4,77.15,-3.2914536850965113,0.012787569786719036
12976,212,1,303.6,261,19,303.6,-0.7018291266170664,1.5295736790776866
12977,156,1,10.74,10,7,10.74,-4.732102999001452,-1.7244810243464308
12981,30,2,372.21999999999997,242,12,186.10999999999999,-0.36633846896498334,-0.002749270107823975
12982,243,1,376.5,252,27,376.5,-0.4396073460620883,1.8023876098902853
12984,19,1,97.5,26,4,97.5,-2.4575039882927885,-0.7218956714906558
12985,1,2,903.5600000000001,643,58,451.78000000000003,1.8940998226122983,-0.1768715916970791
12987,74,2,392.45,207,21,196.225,-0.36404240002306126,0.4522178546390886
12988,292,1,330.67,115,60,330.67,-0.5535956927107628,1.7882439522254505
12989,9,4,130.63,83,27,32.6575,-1.0026056152137182,-2.303268005840002
12990,31,2,143.0,70,6,71.5,-1.8203977030720913,-0.9530489213466068
12991,23,2,461.26,355,30,230.63,0.3454496302543349,0.18195302919830653
12993,23,4,414.76,240,26,103.69,0.07848369528149396,-0.8824218570859081
12994,4,3,782.52,439,43,260.84,1.3249369368346986,-0.5093288629896583
12997,22,4,832.49,469,40,208.1225,1.046997482495852,-0.21519449890172904
12999,205,2,273.78,248,22,136.89,-0.7863469174495498,0.5798860019717906
13000,260,2,382.16,252,24,191.08,-0.536025955801768,0.9763867261516109
13001,4,13,4870.29,2714,155,374.6376923076923,4.064417576957454,-0.7950121972442574
13002,318,1,111.0,72,6,111.0,-2.4669702887155607,0.6465404165115526
13003,151,2,89.05000000000001,55,4,44.525000000000006,-2.7528810999489433,-0.7524501070892714
13004,12,17,5139.96,4355,256,302.35058823529414,4.304994998260912,-0.6729435130771846
13005,174,2,323.3,154,16,161.65,-0.9125489895424799,0.5961177664297066
13006,56,1,11.52,48,2,11.52,-4.309550679220985,-2.0870533455757654
13008,323,1,229.47,175,14,229.47,-1.2742243773557667,1.4097411693251154
13011,372,1,50.550000000000004,13,3,50.550000000000004,-3.9393043581014284,-0.12335833048160137
13012,9,7,1341.15,733,57,191.59285714285716,1.9508387862233074,-0.8876394789356403
13013,1,13,3283.6,1829,132,252.58461538461538,3.7464163608174648,-1.5615927845000317
13014,11,9,1235.88,579,50,137.32000000000002,1.7363128640993437,-1.276616765127064
13015,53,5,2596.91,1529,136,519.382,2.685224062649156,1.0045861425513183
13016,73,3,709.34,522,36,236.4466666666667,0.6502708180361753,0.5295572607871913
13018,16,27,6274.64,4716,284,232.3940740740741,4.5412645526729065,-1.0729110353208522
13021,4,9,1445.79,920,71,160.64333333333332,2.357793030920638,-1.4453010659539987
13023,64,2,439.86,226,27,219.93,-0.11440972373455208,0.5193020508613916
13026,1,4,302.28,372,18,75.57,0.39197877936192815,-2.200183465024101
13028,23,2,613.4399999999999,666,39,306.71999999999997,0.900577249887014,0.4940087539973123
13029,31,2,116.5,74,7,58.25,-1.9075713674291457,-1.112741057566787
13030,11,2,561.88,373,66,280.94,0.9795739717855099,0.13787042094108115
13032,52,2,735.9300000000001,346,45,367.96500000000003,0.6897065434567801,0.9542806542943018
13033,357,1,190.55,83,11,190.55,-1.800377199822074,1.2214179270281238
13034,55,2,627.82,368,36,313.91,0.4872022500655664,0.8231403715238447
13035,74,2,349.20000000000005,208,16,174.60000000000002,-0.5576321683090899,0.3273496354385772
13037,138,3,562.77,357,32,187.59,0.14598387258682238,0.5576890878462077
13038,80,3,366.76,232,19,122.25333333333333,-0.4297004064456055,-0.11367851133486977
13040,9,2,676.99,355,38,338.495,0.9323533627333583,0.16939302026881525
13043,273,1,94.7,34,4,94.7,-2.9597006011470937,0.3665115613327652
13044,291,1,391.72,414,28,391.72,-0.25400486630955826,1.9476222180065612
13045,99,1,222.08,181,16,222.08,-0.9801978847688914,0.9027569133365847
13046,31,2,419.11,249,26,209.555,0.02318291994943074,0.18345122742968661
13047,32,10,2545.76,1279,90,254.57600000000002,2.616742433685234,-0.27660885830513204
13048,14,4,1721.6100000000001,1199,76,430.40250000000003,2.307509700551007,0.3561382324014391
13049,318,1,153.78000000000003,78,7,153.78000000000003,-2.12853559349715,0.9457117749260626
13050,15,17,4618.63,2865,218,271.6841176470588,3.95896199688692,-0.7210166323589046
13052,212,1,129.8,97,9,129.8,-2.005894800384606,0.664925801075084
13055,78,3,1104.06,839,69,368.02,1.412799388418364,1.031242313685498
13058,58,2,137.70000000000002,26,4,68.85000000000001,-2.46958291367009,-0.8237393367364435
13059,250,1,85.65,27,6,85.65,-2.965512470931206,0.2601908755055636
13060,254,1,182.73000000000002,91,10,182.73000000000002,-1.7608746655641225,1.0408186477024202
13061,72,1,98.76,80,6,98.76,-2.197791068636288,-0.0652233871330644
13062,191,1,65.7,32,4,65.7,-3.189173723771247,-0.10050145190998767
13064,13,4,789.12,357,42,197.28,1.0338000955142228,-0.48285015794737046
13065,373,1,138.41,67,9,138.41,-2.211360636649672,0.9323909111078353
13066,24,2,372.75,314,43,186.375,0.2640676819995736,0.039226301147242806
13067,82,1,91.61,29,13,91.61,-2.367872217452953,-0.07626524542762342
13069,1,24,3039.72,2855,257,126.65499999999999,4.198182497818236,-2.460161061325323
13070,192,1,145.6,70,7,145.6,-2.1001949803124904,0.6809636960894555
13072,267,1,177.15,69,7,177.15,-2.022836486569764,0.9872079151549701
13075,130,1,226.61,139,10,226.61,-1.2928731880639002,0.9755725411608634
13077,1,4,512.1,476,93,128.025,1.5361155754198654,-1.580347866105957
13078,3,26,3245.57,1707,55,124.8296153846154,3.312079914594023,-2.410732603695968
13079,4,5,124.9,46,2,24.98,-1.972911494665899,-3.187315893974617
13080,179,1,58.08,120,6,58.08,-2.664991104525946,-0.11682319476276205
13081,12,10,13196.03,10693,407,1319.603,5.494093226750514,1.0414010436657108
13082,126,8,816.6,511,39,102.075,0.7369455850519104,-0.5043717679071554
13083,4,2,235.8,180,13,117.9,-0.40362755865892896,-1.1741560609083743
13085,158,2,217.68,108,11,108.84,-1.4703293704378013,0.15866098034175938
13089,4,76,23984.91,16707,492,315.5909210526316,6.711470507604842,-1.8726937401662136
13090,9,11,1489.45,1079,72,135.40454545454546,2.3166295045757446,-1.4137348141785255
13091,28,1,241.48000000000002,224,14,241.48000000000002,-0.6160109757561171,0.45887807561616395
13092,71,5,266.61,121,13,53.322,-1.0039452777489202,-1.220589152366169
13093,276,8,1351.97,1158,52,168.99625,1.372888139674683,0.3376355805395368
13095,71,1,60.48,96,5,60.48,-2.574586820931139,-0.49488983951249543
13097,33,10,3606.48,1925,179,360.648,3.3069266054225093,0.12849949784137116
13098,1,24,4508.71,4311,83,187.86291666666668,4.209862341704217,-2.197051796708658
13101,234,1,65.5,46,6,65.5,-2.9728368686156106,0.03608350368964957
13102,1,24,4004.77,3089,117,166.86541666666668,4.131332188001563,-2.2896736236453603
13103,40,1,100.24,64,5,100.24,-2.201269274758606,-0.32286825407244274
13104,3,4,183.96,132,9,45.99,-0.7802815517327055,-2.46247381958854
13107,44,4,721.38,721,42,180.345,0.961644862281497,-0.02559127565672822
13108,373,1,95.3,82,5,95.3,-2.6365995992695863,0.5757251667644571
13109,60,2,712.2,470,38,356.1,0.6777919746534148,0.9892587018561115
13110,31,7,931.62,324,86,133.08857142857144,1.274971751529233,-0.7309025207477056
13113,1,24,1605.17,908,81,66.88208333333334,2.821008012270511,-3.1921202240596753
13115,12,4,1893.96,1345,79,473.49,2.4713192050583945,0.39011547637004973
13116,138,1,291.29,270,21,291.29,-0.5905895307772007,1.3259681345509584
13117,22,8,840.7,806,59,105.0875,1.4616637911015247,-1.1275415794954569
13118,20,5,732.78,322,57,146.55599999999998,0.9836087072479077,-0.6701032711439738
13120,239,1,30.6,12,1,30.6,-4.534765021072384,-0.8035963177943838
13121,269,1,260.36,215,48,260.36,-0.5865189022548273,1.5667951381219534
13122,240,1,821.1,482,50,821.1,0.654416786489649,2.57278027899459
13124,90,3,2763.62,1583,160,921.2066666666666,2.671487303072532,2.006903061572718
13126,5,8,1689.97,1609,107,211.24625,2.7930505954800746,-0.9866656569327305
13127,78,1,259.17,127,15,259.17,-0.9586728358433122,0.9092013667093034
13130,94,1,25.0,20,1,25.0,-4.31221672149221,-1.3302974964452137
13131,23,3,604.3000000000001,375,25,201.43333333333337,0.5094504227473096,-0.1355705709118408
13132,262,1,15.3,6,1,15.3,-5.303985302136262,-1.3817945053462106
13133,274,2,79.95,29,5,39.975,-3.1202290486181625,-0.6195123944154142
13134,86,4,1330.94,818,75,332.735,1.5748918760399921,0.8429943315825086
13136,56,5,2145.81,1240,90,429.162,2.2826772220859626,0.8096174034679456
13137,11,8,3514.29,2144,338,439.28625,3.7820673983326527,0.06450521930019919
13138,22,6,946.49,471,30,157.74833333333333,1.0676334226108042,-0.7049504304326603
13139,16,6,1869.92,970,86,311.65333333333336,2.346665276988622,-0.09803800014471242
13140,108,3,349.92,178,37,116.64,-0.3705778743937116,0.012874272029816296
13141,85,5,2011.53,1384,105,402.306,2.242333257681183,0.9472434175402463
13142,19,1,215.92000000000002,109,19,215.92000000000002,-0.7674065903300838,0.1864151754997193
13144,333,1,47.2,16,2,47.2,-4.0130267600767775,-0.2423008591829191
13145,92,1,15.0,12,1,15.0,-4.866275223384993,-1.7930533005308271
13146,26,1,132.91,130,14,132.91,-1.2670957275025678,-0.12310738756775119
13148,29,11,2649.82,1659,192,240.89272727272729,3.0760345934777638,-0.3358057495034286
13149,14,4,1013.28,772,60,253.32,1.635509294635251,-0.15432427245309688
13151,296,1,773.27,289,51,773.27,0.3837896779328921,2.5766467915118474
13153,6,1,140.46,114,8,140.46,-1.1795608239596416,-0.6971597303713427
13155,33,4,796.26,460,61,199.065,1.0847086508508288,-0.05260914793674294
13157,49,4,1356.88,969,60,339.22,1.6849350845911515,0.6182050367370945
13158,95,4,1193.5,748,58,298.375,1.3333759985207874,0.7601710849270441
13159,9,4,1141.09,947,100,285.2725,2.0941257482086564,-0.16073280494143094
13160,22,1,75.9,54,3,75.9,-2.515387148020817,-0.853160161144514
13161,313,1,95.75,27,6,95.75,-2.9272235289160506,0.44996027113623444
13162,122,4,928.95,987,56,232.2375,1.1676952022862674,0.6615628171252479
13165,46,2,349.28,488,25,174.64,0.02346841385376458,0.22696735654557612
13166,283,1,349.6,208,36,349.6,-0.4892275265237061,1.815215797945461
13167,19,4,482.16,312,42,120.54,0.5181787084543477,-0.7683044415246202
13168,36,4,1002.19,623,90,250.5475,1.5113567014634235,0.2377769603930046
13169,64,2,165.5,98,6,82.75,-1.7403855570665803,-0.5088474444328924
13170,27,1,109.17,111,28,109.17,-1.2227004886258386,-0.2263370102356141
13171,22,3,261.51,215,31,87.17,-0.2594676125680106,-0.8938217669249889
13173,4,2,340.21,245,40,170.105,0.42667198726589145,-0.7368596141591075
13174,16,3,2026.5,1155,193,675.5,2.753811930601608,1.0312444751380552
13176,46,1,348.78,245,58,348.78,0.148978320161267,1.113803187941655
13177,65,1,282.45,91,17,282.45,-0.9240738188295888,0.8978967986376426
13178,26,11,4355.59,2840,91,395.9627272727273,3.390634947792326,0.017111201683555594
13182,45,1,121.18,201,11,121.18,-1.3886309283726326,0.027765223181027966
13183,37,7,761.25,579,42,108.75,1.006209715118026,-0.8613331118655227
13184,15,10,1378.41,1248,131,137.841,2.4307128309587753,-1.077982657521509
13186,40,3,1220.66,575,58,406.8866666666667,1.4305858388252317,0.8030097943132974
13187,337,1,154.02,86,30,154.02,-1.5628531278377744,1.104156101343584
13189,19,2,167.28,424,21,83.64,-0.4866867001382952,-0.7912962451291552
13192,95,2,859.14,589,54,429.57,0.9460946242462008,1.3889110751942007
13193,61,1,100.92999999999999,49,21,100.92999999999999,-1.8617062052610898,-0.03943516338273469
13194,136,1,60.7,26,3,60.7,-3.339087794853074,-0.3436692021001602
13196,11,4,1650.93,1201,93,412.7325,2.4036845028461653,0.24499839287490371
13198,10,6,3139.55,2405,187,523.2583333333333,3.4896915208725234,0.30074680077028787
13199,8,14,548.34,475,19,39.167142857142856,0.7706247891294059,-2.8479721626410504
13200,22,3,561.37,382,36,187.12333333333333,0.608493826818065,-0.18305088270149508
13203,10,4,759.08,702,51,189.77,1.3769398297605433,-0.5556702319957559
13207,15,2,178.86,118,6,89.43,-1.305477979398918,-1.0172974725002746
13208,59,6,1028.6,740,113,171.4333333333333,1.6080635990457592,-0.08012464048728939
13209,30,7,4292.46,3164,217,613.2085714285714,3.6832741557471103,0.8150249166237068
13210,94,1,293.0,220,20,293.0,-0.5952037633425211,1.1539273830663863
13211,10,3,443.82,586,43,147.94,0.809000846963255,-0.6513130783149502
13212,20,3,528.73,286,108,176.24333333333334,0.9088464762011146,-0.19092228952981555
13213,57,5,1019.08,744,66,203.816,1.382408001701429,0.10904527820074715
13216,268,1,10.5,5,1,10.5,-5.641251245526334,-1.6859764336013199
13218,127,1,56.76,60,4,56.76,-2.991406315816887,-0.35548655548904934
13220,78,2,132.84,111,12,66.42,-1.6630089580621161,-0.5500900323605863
13221,240,2,511.31,205,48,255.655,-0.09391563027618971,1.2447075371415388
13223,200,1,62.4,40,4,62.4,-3.1606453267567427,-0.1112918459429359
13224,60,2,1228.32,841,83,614.16,1.6268335605363338,1.5722347092488052
13226,273,1,85.51,78,14,85.51,-2.3045700647307394,0.4344638000673389
13227,202,1,90.0,45,6,90.0,-2.7000424047615534,0.24631935811565156
13229,226,1,123.15,59,8,123.15,-2.281397292117885,0.6042999071612765
13230,4,14,2087.79,1445,372,149.12785714285715,3.524878528616336,-1.5996849239717852
13232,13,7,982.16,575,129,140.3085714285714,1.8662107396811298,-0.956674752937785
13233,74,2,430.4,548,32,215.2,0.22331148952168314,0.6334440893609183
13235,212,1,751.77,373,48,751.77,0.5028475317919655,2.4239244493033767
13236,25,2,511.21000000000004,275,26,255.60500000000002,0.2614666665506077,0.27508367386139154
13238,23,3,493.68,240,15,164.56,-0.005877653003308788,-0.38502376165579855
13239,262,1,247.57,222,18,247.57,-0.9881133378185247,1.4256922067581594
13240,96,4,616.7,294,55,154.175,0.45051453363890087,0.1267296976159469
13242,112,3,270.40000000000003,130,12,90.13333333333334,-1.1239888483195537,-0.31493505312135406
13243,203,1,480.02000000000004,222,50,480.02000000000004,-0.014177283619121975,1.9860554648652813
13244,93,1,94.79,35,24,94.79,-2.0701696889252923,0.07133672980283538
13245,51,1,259.85,111,11,259.85,-1.028563863160344,0.7006672589176877
13246,18,5,804.71,608,103,160.942,1.5432809336122593,-0.5350619804125704
13247,22,3,333.59999999999997,244,16,111.19999999999999,-0.2753128080556609,-0.734828633392574
13248,125,2,434.21,256,23,217.105,-0.28630285584313625,0.7791043097185557
13249,93,1,82.23,61,14,82.23,-2.188708233697182,-0.06320481508110434
13253,157,2,278.15999999999997,296,19,139.07999999999998,-0.707678524387336,0.4809180459762166
13255,9,2,148.66,82,7,74.33,-1.4249771325388958,-1.3843328290139367
13258,12,3,425.03000000000003,181,23,141.67666666666668,0.07073644828605309,-0.7518381804302834
13259,62,1,258.32,129,75,258.32,-0.2824364353305543,0.9581330725068965
13260,61,1,82.32000000000001,24,4,82.32000000000001,-2.86595667483273,-0.39857663724894477
13262,263,1,132.29,117,9,132.29,-1.9705935272244495,0.7833962914004685
13263,1,34,6615.0,4230,431,194.55882352941177,5.214172907869059,-2.2429357567142807
13265,53,5,1118.16,1014,52,223.632,1.4897857739281222,0.15779907782910133
13266,11,12,2290.61,1889,64,190.8841666666667,2.7840766988679317,-1.0684619329336091
13267,3,18,3115.33,1565,78,173.0738888888889,3.332107136973677,-1.8638362671718756
13268,18,10,2847.0,2836,244,284.7,3.511343225042072,-0.2663910499941045
13269,1,15,3829.13,2670,162,255.27533333333335,4.105492007422121,-1.5988390581136935
13271,37,1,217.38,253,79,217.38,-0.04421396614616703,0.6453349089793065
13272,31,2,205.66000000000003,90,12,102.83000000000001,-1.1971932892635502,-0.566282441035928
13273,113,1,128.54,117,15,128.54,-1.621091069336304,0.45066156310470445
13276,64,2,377.08,134,22,188.54,-0.5032905585248136,0.33359265633684687
13277,16,3,159.4,116,4,53.13333333333333,-1.5470200959548506,-1.6588102636670623
13278,41,1,459.86,416,43,459.86,0.4662551959586227,1.313750141305824
13279,78,1,137.75,73,9,137.75,-1.843747946945688,0.2823977086832233
13280,122,3,739.85,479,61,246.61666666666667,0.7476766526956409,0.8215676735313027
13282,18,3,348.94,167,19,116.31333333333333,-0.2699097332416564,-0.7855247282257231
13283,60,2,93.66,90,7,46.83,-2.149189908391019,-1.0163110762935497
13284,331,1,148.74,86,10,148.74,-2.0010593807048647,0.9696900768586758
13285,23,4,2566.02,2037,148,641.505,2.976768946006726,0.9960111808486365
13291,156,1,338.41,231,39,338.41,-0.31596167379370194,1.552766130808851
13292,39,2,378.85,263,20,189.425,-0.18623961985568085,0.16954511557736673
13294,190,2,726.39,436,41,363.195,0.4457591215656508,1.4866012832956788
13295,360,1,168.3,78,8,168.3,-2.037450183665035,1.0865697544727022
13296,137,1,53.4,74,4,53.4,-2.980397966449552,-0.36263535525935686
13297,8,4,883.1,458,35,220.775,1.2385682745248086,-0.5708429360442906
13299,268,1,82.80000000000001,24,4,82.80000000000001,-3.18297893349863,0.22126282074086298
13300,169,1,371.89,203,20,371.89,-0.5634175853615982,1.599361361633885
13301,104,4,507.74,300,70,126.935,0.38209885925257486,0.015358473965905391
13304,351,1,244.85,151,17,244.85,-1.2214312202104325,1.5081472565362182
13305,4,10,910.21,633,35,91.021,1.5923409889898712,-2.0891471863728857
13307,120,1,15.0,4,1,15.0,-5.270690599601035,-1.7451921836865494
13308,23,3,872.47,451,44,290.8233333333333,1.0859845082819404,0.24606709648370087
13309,7,5,1349.28,1327,77,269.856,2.3088965430199795,-0.4256539687674889
13310,28,3,1015.73,575,58,338.57666666666665,1.3611072178103336,0.4984033950769599
13311,4,2,218.5,138,16,109.25,-0.4817063858279756,-1.239015149347061
13313,22,5,1269.1200000000001,679,46,253.824,1.5834445444035297,-0.12737545639251874
13314,2,3,666.69,549,49,222.23000000000002,1.4424352357640167,-0.8356878579535411
13316,37,3,173.69,216,39,57.89666666666667,-0.5996491434726723,-1.0137253639114927
13317,66,6,1663.03,915,77,277.1716666666667,1.8885662508374161,0.36081153366284796
13318,1,3,216.58,146,10,72.19333333333334,-0.4394414615930342,-2.2040665549920004
13319,5,26,7715.87,3718,183,296.7642307692308,4.665916840342173,-1.3289616071218147
13320,78,4,1548.7,1096,77,387.175,1.8323299232698884,0.9556231489371354
13321,86,1,175.64,128,8,175.64,-1.5140742255314572,0.5593777720145123
13322,17,1,154.48000000000002,105,24,154.48000000000002,-0.9323129528660167,-0.12910495069300773
13323,3,5,313.55,69,6,62.71,-0.7224708825361608,-2.3936643419881065
13324,36,2,82.8,48,5,41.4,-2.4754207251303573,-1.3980410413984923
13325,82,1,89.3,80,6,89.3,-2.304862795952158,-0.0981428049608293
13327,39,8,1201.8400000000001,699,53,150.23000000000002,1.5284839984828429,-0.6061174908347732
13328,316,1,175.68,136,7,175.68,-1.822519669091725,1.0941983287369441
13329,32,2,155.57999999999998,157,8,77.78999999999999,-1.3701415938509887,-0.7919904929251516
13330,93,3,882.18,550,32,294.06,0.743322224161673,0.8115907147606225
13332,14,1,338.40000000000003,178,20,338.40000000000003,-0.15345699452654638,0.4918242771285916
13334,82,3,3014.42,1637,189,1004.8066666666667,2.838880305096404,2.061537717821452
13336,77,1,752.8,508,48,752.8,0.8358938650878115,2.02437238491365
13338,158,1,185.67000000000002,153,13,185.67000000000002,-1.3613257490931143,0.9129162395471041
13339,201,1,664.42,308,42,664.42,0.29517878024225436,2.269697572372332
13340,45,6,652.51,361,28,108.75166666666667,0.4994164487309372,-0.7594985358265309
13341,261,1,603.55,285,35,603.55,0.06299604344954626,2.2735156071304536
13343,178,1,290.93,133,17,290.93,-0.9828734650970549,1.3661086742202049
13344,68,3,1716.32,928,99,572.1066666666667,1.9708046484942054,1.3975985033235625
13345,288,1,299.7,136,17,299.7,-1.0563529767142263,1.5940075774660567
13347,70,1,30.0,24,1,30.0,-4.045773204506259,-1.2878356617096807
13348,64,1,233.76000000000002,136,14,233.76000000000002,-0.9985332329047718,0.7364498937366647
13349,11,1,197.32,224,15,197.32,-0.5561232371475432,-0.07972451841897926
13350,16,2,418.77000000000004,171,24,209.38500000000002,-0.005370738341490099,-0.11386034746761779
13351,66,1,323.94,116,15,323.94,-0.7790377867982878,1.0277740091217222
13352,60,1,316.18,316,21,316.18,-0.2884756948371752,1.0622815300846826
13354,71,1,645.31,470,46,645.31,0.686697338072818,1.8479889818005717
13355,122,1,516.0,252,29,516.0,-0.012731682449706221,1.7955353020272924
13356,80,1,548.59,305,34,548.59,0.2579531205048667,1.7005485435723675
13357,257,1,492.15000000000003,267,78,492.15000000000003,0.19595129401487235,2.159007537801487
13358,269,1,304.71,228,23,304.71,-0.7267894653052883,1.6403273894228945
13359,64,1,307.06,150,18,307.06,-0.653310988036362,1.0013691346858848
13362,9,4,2449.04,1216,108,612.26,2.819458110106187,0.5258100601148009
13363,18,2,834.89,621,42,417.445,1.1990590733784896,0.6658428860367718
13364,71,1,134.96,71,10,134.96,-1.8113095801805421,0.23296476189828516
13365,34,2,1718.87,1199,108,859.435,2.2473661841886083,1.6790175446802087
13368,257,2,430.18,264,24,215.09,-0.4232408208684503,1.0770929217222929
13369,366,1,198.38000000000002,114,11,198.38000000000002,-1.6600842846660324,1.2872003363949698
13370,372,1,604.75,281,32,604.75,-0.052768585801029694,2.4141789137993994
13372,90,1,290.04,154,19,290.04,-0.7420534183102686,1.0993732127331965
13373,61,3,2198.62,1298,107,732.8733333333333,2.342717802121599,1.597071525579891
13375,89,1,607.1800000000001,350,33,607.1800000000001,0.3533169074397084,1.839097881068689
13376,99,3,834.3100000000001,487,42,278.10333333333335,0.747538595437487,0.80592141424361
13379,26,3,521.36,595,83,173.78666666666666,1.0036122223930928,-0.07440225536221359
13381,32,6,2615.55,1585,65,435.925,2.5342716593420693,0.47738367746197613
13382,281,1,197.14,128,13,197.14,-1.5039152387758008,1.1933020463298867
13384,31,7,2295.26,1441,100,327.89428571428573,2.5877562548138853,0.16144856285768336
13385,330,1,403.07,271,29,403.07,-0.3986437680293947,2.0005149990579283
13388,131,2,452.35,249,29,226.175,-0.18489080976612637,0.8531038116332688
13389,11,3,700.66,420,44,233.5533333333333,1.0387693701817475,-0.23912945035350364
13390,75,1,185.88,92,9,185.88,-1.516377972806877,0.5402629511437788
13394,2,8,1945.99,1811,113,243.24875,3.1209480863661887,-1.1420297011472005
13395,185,1,251.28,224,18,251.28,-0.8972302196136827,1.2940412981558798
13396,29,2,537.57,297,25,268.785,0.28255968963410244,0.3801143221527291
13397,73,4,431.64,189,19,107.91,-0.34322327136303105,-0.41983699496024734
13398,192,1,383.57,226,21,383.57,-0.5093980992626334,1.6906869925860395
13402,127,2,483.73,433,29,241.865,0.0749870700602893,0.9343658344900088
13403,18,1,30.0,8,2,30.0,-3.96538988384593,-1.8689502865858034
13404,1,2,188.74,86,10,94.37,-0.7403452201431919,-1.8203954334196348
13405,74,3,363.351,144,18,121.117,-0.6128443585852265,-0.18975384607802961
13408,2,42,3436.06,2469,81,81.81095238095239,3.781520593695337,-3.151382307105813
13410,24,4,248.34,138,10,62.085,-0.8927128417600505,-1.4263014468943636
13411,107,1,203.60000000000002,71,16,203.60000000000002,-1.4021005721212263,0.7991817265480821
13414,134,2,392.58,278,18,196.29,-0.4446798213802964,0.7042392521715657
13416,44,2,202.70000000000002,42,8,101.35000000000001,-1.7025164038150615,-0.5192666427619037
13417,5,2,290.48,126,14,145.24,-0.3802498816160196,-0.9342940096352959
13418,12,18,3390.66,2853,190,188.37,3.711880651171758,-1.1750301267572838
13419,64,1,221.06,275,16,221.06,-0.7383312484624072,0.7454863228728432
13420,150,2,87.6,94,6,43.8,-2.437761365998226,-0.7032446970127233
13421,40,2,1262.89,716,78,631.445,1.652975412409621,1.4136737395429186
13422,64,1,2093.04,1208,113,2093.04,2.337279387419191,2.972551680537059
13425,108,3,1017.85,722,53,339.28333333333336,1.1196750071296366,1.0614943666570782
13426,1,10,1636.07,1664,85,163.607,2.954474539363239,-1.8222008466288042
13427,19,3,318.94,331,18,106.31333333333333,-0.12528622321902658,-0.8019164399270247
13428,10,1,176.57,151,66,176.57,-0.1937888483420793,-0.10416780552677078
13429,11,4,724.09,889,44,181.0225,1.3483375722823705,-0.5581837350566276
13430,19,2,574.25,545,42,287.125,0.8446568493730892,0.3540417557149679
13431,67,2,653.4,426,36,326.7,0.5292045657262023,0.9486672215686234
13434,74,2,128.64000000000001,84,6,64.32000000000001,-2.02464723812361,-0.6752669500046157
13435,5,7,655.62,377,48,93.66,1.189898900089099,-1.7792101967935139
13436,2,1,113.53999999999999,69,8,113.53999999999999,-1.3413116596963754,-1.2682631435082439
13437,14,7,2162.6,1031,106,308.9428571428571,2.6083921719780343,-0.2240994255962058
13439,255,1,273.27,206,53,273.27,-0.513206571236915,1.592746418955234
13441,92,1,148.16,92,10,148.16,-1.7010962605772628,0.4375403370064441
13447,23,3,841.08,522,48,280.36,1.1440485308392796,0.2317693564412899
13448,17,6,2334.08,1287,120,389.0133333333333,2.744071112132102,0.16762214456276572
13449,24,1,291.88,222,19,291.88,-0.3219619796250198,0.5873378291486578
13450,27,6,898.68,774,24,149.78,1.0774769749214437,-0.6550888810358895
13451,26,5,2627.85,2057,299,525.5699999999999,3.26776329704861,0.8170753771679682
13453,166,2,205.98000000000002,98,11,102.99000000000001,-1.559469394663533,0.125294668494338
13455,25,2,660.19,317,34,330.095,0.6188443240231286,0.530415067945219
13456,18,5,853.4200000000001,584,37,170.68400000000003,1.17213307566012,-0.580897128000711
13458,7,14,6009.41,4020,213,429.24357142857144,4.406439087617845,-0.4713372302756261
13460,29,2,183.44,286,16,91.72,-0.7487535026876132,-0.5917717580440482
13461,39,2,82.2,42,4,41.1,-2.6185331977561113,-1.397129788871706
13462,253,1,135.0,60,8,135.0,-2.227791045532756,0.7318000941369547
13464,58,1,606.73,396,37,606.73,0.5344637607563815,1.6799778200274176
13466,184,1,197.70000000000002,121,12,197.70000000000002,-1.4592154005462439,1.0085819262033477
13467,11,2,832.21,554,78,416.105,1.4992870615824403,0.5199171234772785
13468,2,37,3464.84,1796,147,93.64432432432433,3.8887457600593414,-2.916799785916458
13470,99,2,165.0,100,7,82.5,-1.7764527633404217,-0.31719189841055595
13471,1,4,2174.13,1501,197,543.5325,3.393137274362924,-0.1824020361472785
13473,61,2,242.35999999999999,196,15,121.17999999999999,-0.8495150295756057,-0.07767062178074939
13474,236,1,187.99,128,55,187.99,-0.9484496843185604,1.2088474149171782
13475,191,4,1115.66,914,53,278.915,1.165376945419423,0.9968606994028266
13476,179,2,697.6700000000001,341,40,348.83500000000004,0.32826374081594223,1.408477745996036
13477,38,6,1163.97,790,50,193.995,1.5018632658403914,-0.22444013429110643
13479,201,2,221.54999999999998,106,10,110.77499999999999,-1.5504561028611819,0.26480624312956147
13481,46,5,1638.66,1064,93,327.732,2.069130063597423,0.4877705934572329
13482,232,1,184.64000000000001,116,11,184.64000000000001,-1.610852435739317,1.0358479963941356
13483,66,1,140.34,160,10,140.34,-1.4727586813224354,0.28914039798770425
13485,233,1,284.04,189,18,284.04,-0.9121532728845075,1.4854302044656502
13486,78,3,959.95,597,60,319.98333333333335,1.1238003563050145,0.8748036147793348
13487,58,3,361.1,239,19,120.36666666666667,-0.36177208303226277,-0.25794564382108426
13488,17,13,6161.53,3564,231,473.96384615384613,4.227516498606438,0.0007165636797309133
13489,158,2,128.64000000000001,104,10,64.32000000000001,-1.9317175550714605,-0.30443161554641335
13491,52,10,943.34,791,60,94.334,1.3949994556838061,-1.0054600875283333
13492,136,3,594.24,320,23,198.08,0.025079232658447324,0.5618608525285124
13493,287,1,14.85,3,1,14.85,-5.549143628074288,-1.4046622892083869
13494,312,1,296.1,114,17,296.1,-1.1469001378253667,1.6055160208896055
13495,8,5,622.62,390,24,124.524,0.773283909099622,-1.2320292164938171
13496,11,2,492.83,309,23,246.415,0.3969792920072089,-0.0840059612439482
13497,283,2,348.05,163,19,174.025,-0.8749326484498394,0.881669141025333
13499,29,4,464.69000000000005,267,20,116.17250000000001,0.05708729831736003,-0.7073975485326757
13500,23,3,971.2,490,51,323.73333333333335,1.2586386366019655,0.35799008849241293
13501,288,1,584.32,338,35,584.32,0.07758562976059044,2.297577991741474
13502,17,3,212.7,250,15,70.89999999999999,-0.5909677410719408,-1.2291182552874071
13503,71,1,192.95,246,16,192.95,-0.9082691803204496,0.6632976716775963
13504,64,1,260.48,175,19,260.48,-0.7070798820777141,0.8734981959833831
13505,73,4,2905.01,2069,162,726.2525,2.8698571221213185,1.5849958135418005
13506,316,2,379.45,235,21,189.725,-0.6606392425468856,1.0351739981744812
13507,3,4,1952.01,1396,127,488.0025,2.9550782247730325,-0.031117014341449183
13508,244,1,66.42,19,9,66.42,-3.138388662038252,0.043024227313677145
13509,9,5,662.68,685,23,132.536,0.9870378173969073,-1.1011141863648315
13510,1,4,1565.02,1225,76,391.255,2.6813499631105175,-0.5694042842463723
13512,261,1,228.51,141,13,228.51,-1.3365007558618165,1.29665920026344
13513,127,1,132.6,60,8,132.6,-2.0917353865180046,0.4291977004768598
13514,74,1,70.80000000000001,24,2,70.80000000000001,-3.2300175166015532,-0.49605501870378793
13515,73,4,833.82,675,47,208.455,0.9871861518218128,0.31422491322784346
13516,73,2,607.91,319,36,303.955,0.3489559175993172,0.9026433731640219
13517,60,3,1839.49,1210,112,613.1633333333333,2.1977729599118057,1.4349205140913157
13518,86,1,567.72,336,31,567.72,0.2685584096314075,1.7581924437686105
13519,78,1,78.95,19,6,78.95,-2.898076519398117,-0.3161262263534018
13520,59,6,1078.15,705,42,179.6916666666667,1.2374349832685507,-0.13365279390971568
13521,1,3,1000.1,727,305,333.3666666666667,2.6785821847941453,-0.46629860102990084
13522,30,1,125.80000000000001,44,5,125.80000000000001,-2.0950805606657066,-0.26810340893820145
13523,33,5,1948.48,1214,109,389.696,2.3877810441297282,0.5257231231588153
13524,41,5,422.54,206,13,84.50800000000001,-0.33243079529953035,-1.0166661884184476
13527,34,7,1906.0,1393,136,272.2857142857143,2.5308889907027217,0.0640371484335266
13529,79,2,206.06,68,13,103.03,-1.4672122459789831,-0.19187786901389775
13531,205,2,235.5,102,12,117.75,-1.4536554609844614,0.33883928791054824
13532,34,1,210.31,129,66,210.31,-0.36630791590944456,0.5219284441594727
13533,183,3,246.94,201,59,82.31333333333333,-0.5329057011461862,-0.017624446715593697
13534,2,24,3914.98,2258,101,163.12416666666667,3.852585417796894,-2.1735006116002613
13536,1,7,1908.41,885,75,272.63,2.75874941966905,-1.2186371343171079
13538,121,1,17.85,3,1,17.85,-5.223586388519429,-1.6136591931740518
13539,86,3,446.52,254,26,148.84,-0.13737188807852943,0.12024507048483217
13544,40,2,221.26,119,68,110.63,-0.425545372772897,-0.22537087189759483
13546,12,3,553.29,353,70,184.42999999999998,0.95434567459269,-0.3788801318285886
13548,96,2,512.84,308,102,256.42,0.552333931197869,0.961909890581142
13549,26,7,709.25,397,33,101.32142857142857,0.7946975476347519,-1.1120775627807753
13551,319,1,53.550000000000004,9,3,53.550000000000004,-3.983005802334732,-0.16031263990443184
13552,66,12,1457.19,700,56,121.4325,1.6376834781834084,-0.816235333450145
13555,74,4,1529.6,1040,78,382.4,1.819982924514833,0.9208495352446081
13557,28,2,524.0600000000001,498,30,262.03000000000003,0.5273489007629195,0.3939412960610335
13558,6,4,561.11,340,119,140.2775,1.3096232341431817,-0.9756212035982071
13560,7,1,174.37,64,32,174.37,-0.725595689157637,-0.3700792543950447
13561,216,1,39.01,49,11,39.01,-3.119767749521846,-0.3850602462208801
13562,82,3,1167.56,558,34,389.18666666666667,1.0210017373785403,1.0091218783561275
13563,84,2,262.33,124,38,131.165,-0.6647711703723601,0.17643889502722715
13564,354,2,761.4200000000001,454,54,380.71000000000004,0.4697561267259945,1.8149983827684986
13565,19,2,240.22,172,35,120.11,-0.33117353532565885,-0.49204562825067283
13566,41,2,817.16,566,132,408.58,1.4265915037882058,1.0789817581414225
13568,173,1,175.0,68,39,175.0,-1.2988916406043736,0.9451172748590114
13569,17,2,286.1,155,66,143.05,0.04068184105112065,-0.33389970857076656
13570,243,1,130.52,110,23,130.52,-1.635728385293254,0.8165601624269597
13571,13,12,2017.27,1704,153,168.10583333333332,2.95776688874569,-1.0400356229133048
13572,206,1,326.23,117,15,326.23,-1.0175567291692031,1.5070272207959519
13573,50,2,196.86,83,20,98.43,-1.1708215566377498,-0.36913300331575516
13575,23,5,674.57,443,39,134.91400000000002,0.8558028710907157,-0.6996534120852324
13576,10,16,1166.94,737,62,72.93375,1.9560817354790638,-2.1808658246432593
13577,25,4,1131.7,682,45,282.925,1.4444746282703875,0.13751637261662797
13579,15,2,281.69,91,14,140.845,-0.7363815462354897,-0.5709945416566015
13581,309,1,56.95,23,7,56.95,-3.333026076120255,0.0009424947630191366
13583,156,1,691.05,531,48,691.05,0.6309295551175802,2.2459484234709293
13584,307,1,75.75,30,18,75.75,-2.6699090135329664,0.340285415090408
13587,64,1,68.4,36,3,68.4,-2.968192657192282,-0.5331117750639974
13588,16,9,2252.61,2314,125,250.29000000000002,2.9984400851356328,-0.4360060113606483
13589,15,2,256.05,105,15,128.025,-0.7343400617653781,-0.6381777787496276
13590,11,6,1244.7,886,61,207.45000000000002,1.9328401220379428,-0.6344194378836255
13591,65,3,809.58,456,46,269.86,0.8265856504382489,0.6097700197949105
13592,36,3,159.51,77,11,53.169999999999995,-1.5136418699319518,-1.2770848646707202
13593,108,5,1450.3300000000002,645,59,290.06600000000003,1.4271617601870177,0.6596674250762167
13594,53,1,396.97,359,26,396.97,0.046145854837761076,1.2361275435027872
13596,6,2,619.84,398,126,309.92,1.454690300348167,0.06119319897512116
13598,47,1,134.07,54,31,134.07,-1.3980264363237231,0.1395609396021529
13599,1,21,2679.12,2065,142,127.57714285714285,3.725114217844514,-2.4436434975654433
13600,312,1,66.52,64,10,66.52,-2.7250187837082516,0.23281428743261456
13601,45,2,663.08,476,88,331.54,1.0179476759044381,0.8869139795784042
13602,65,1,398.65,219,22,398.65,-0.23737540372962912,1.276720588504993
13603,26,1,129.44,160,25,129.44,-0.9929238571599417,-0.08109691592517689
13606,29,2,152.22,127,34,76.11,-0.8992404247884428,-0.7375466065683656
13607,40,1,565.5600000000001,278,86,565.5600000000001,0.7621521687147796,1.5208036574279167
13610,12,7,891.78,489,145,127.39714285714285,1.7940689811982744,-1.070868241236066
13611,89,3,974.1600000000001,594,62,324.72,1.1179407813734459,0.9448549566519879
13614,24,4,1076.86,522,150,269.215,1.7926689984908015,0.17162940421843872
13615,319,1,345.33000000000004,161,20,345.33000000000004,-0.8442171792104348,1.784995895703516
13617,40,3,444.04,216,27,148.01333333333335,-0.02091658842241114,-0.20690247169810327
13618,174,1,154.54,162,11,154.54,-1.5679740202949863,0.7836214524700641
13621,117,1,209.85,243,18,209.85,-0.9102393161358637,0.9525682167629053
13623,31,5,392.05,234,64,78.41,0.32877643227196834,-1.043296507988724
13626,253,1,241.32999999999998,207,18,241.32999999999998,-1.0258975942939477,1.3844311164464502
13627,59,5,1164.23,859,70,232.846,1.55549172643406,0.25342997672929374
13629,143,1,281.01,217,18,281.01,-0.7643503124198034,1.2817044835884654
13630,5,7,787.74,511,44,112.53428571428572,1.4105675331563021,-1.6090169282283342
13632,25,5,1713.6100000000001,827,106,342.72200000000004,2.1947288931171367,0.27420778584180616
13634,33,5,1102.6100000000001,632,137,220.52200000000002,1.791745841029747,0.010421089192352212
13635,68,1,986.4300000000001,667,59,986.4300000000001,1.2563778304311983,2.244637393882449
13636,37,5,720.83,535,48,144.166,0.9569935403957182,-0.41853477193085514
13637,52,3,741.25,402,75,247.08333333333334,0.9516799316582664,0.4781000086078536
13638,16,1,97.14,91,7,97.14,-1.791800227555319,-0.6691914103495554
13639,74,1,593.24,554,36,593.24,0.5750062003941525,1.7803583122678206
13642,216,1,268.55,165,50,268.55,-0.5937223823132647,1.4886394257619833
13643,31,3,468.44,267,22,156.14666666666668,0.07345930314222299,-0.26906076950691254
13644,16,4,1979.0900000000001,1327,118,494.77250000000004,2.601372571528585,0.5769160087979235
13645,120,1,30.6,12,1,30.6,-4.384701830892503,-1.090513041300865
13647,10,4,1164.52,673,49,291.13,1.6841203349959182,-0.19114197287046464
13649,257,2,250.45000000000002,126,21,125.22500000000001,-1.167943118171829,0.5491147649048774
13650,17,6,1397.49,851,68,232.915,1.9636904764394105,-0.35684807510012334
13651,40,1,63.3,30,4,63.3,-2.9025946741364472,-0.783301298359259
13652,46,3,1003.64,474,43,334.5466666666667,1.0584680804352884,0.6503032237623555
13654,43,6,2208.87,1542,135,368.145,2.6169244498581095,0.5169367095231724
13655,114,2,753.22,470,42,376.61,0.622213904417789,1.3126258993793107
13656,165,2,319.79,252,43,159.895,-0.35117804374845607,0.6854047415247831
13657,11,2,156.6,90,10,78.3,-1.2632578662919138,-1.2274657247516436
13658,10,5,1488.25,791,71,297.65,2.097021435706483,-0.24844068013975143
13659,206,2,1106.97,703,76,553.485,1.1770089903912817,1.9739286817258237
13662,86,3,663.5600000000001,487,41,221.1866666666667,0.5876961170612769,0.546859024952188
13663,179,1,91.07,79,7,91.07,-2.410170505791508,0.25473082646807615
13666,60,3,67.65,39,10,22.55,-2.5666381274053798,-1.8454589892614184
13667,149,1,258.17,149,77,258.17,-0.4106546707627802,1.3328408377624281
13668,3,21,4111.85,2277,247,195.80238095238096,4.167306419450946,-1.7247983583137716
13669,51,2,160.2,108,6,80.1,-1.6821219163195014,-0.624044542125178
13670,75,1,333.2,280,24,333.2,-0.2878179200109367,1.2039515842652013
13672,301,2,91.83000000000001,25,3,45.915000000000006,-3.2470974601169558,-0.5095814509513421
13673,19,2,257.77,102,43,128.885,-0.3835087481572417,-0.44626769193044086
13675,151,2,473.38,298,24,236.69,-0.18793486026326114,0.9462464788406221
13678,152,1,72.56,104,5,72.56,-2.5688556774746005,-0.017805240781966807
13680,1,4,1569.63,1097,139,392.4075,2.882933402281308,-0.5181947721339468
13681,18,4,713.53,306,34,178.3825,0.7492126273102506,-0.471374832656815
13682,187,1,34.0,8,2,34.0,-4.371451536937578,-0.8031009143417561
13684,286,1,67.23,39,29,67.23,-2.472364201180637,0.2676191249535435
13685,3,4,20.92,28,26,5.23,-2.5793617178696775,-4.235477862531975
13686,183,1,72.0,70,8,72.0,-2.595050737272889,0.06516915254607719
13689,63,1,15.0,12,1,15.0,-4.78438691277698,-1.9496215151940537
13690,59,1,81.60000000000001,60,6,81.60000000000001,-2.407285905525095,-0.3301749416038985
13692,25,2,464.64,792,31,232.32,0.6370191574007217,0.2770855595966777
13694,4,16,663.09,627,34,41.443125,1.3916089764502249,-3.0603261910379382
13695,31,13,1233.97,799,39,94.92076923076924,1.585150224688471,-1.4127915372115982
13697,39,1,151.3,177,12,151.3,-1.1972726800262934,0.16019963250748961
13699,155,1,70.08000000000001,36,4,70.08000000000001,-3.051763848971772,-0.12466996756879839
13700,26,10,1456.42,1555,136,145.642,2.454139650906339,-0.7933439160812725
13704,5,9,1738.6000000000001,1323,92,193.1777777777778,2.697642206655797,-1.1616448721526396
13705,8,3,433.38,318,23,144.46,0.3703024685849951,-0.8524263292334072
13706,303,1,290.89000000000004,187,19,290.89000000000004,-0.9339930714502674,1.6198400065975733
13707,267,2,581.36,290,40,290.68,0.038285127412206243,1.4064472388426157
13708,271,1,272.01,257,47,272.01,-0.49735597582810964,1.6175166018635676
13709,4,12,4276.88,2816,204,356.4066666666667,4.0741204820042185,-0.7604088427772201
13710,32,1,94.56,96,6,94.56,-1.9924871133548774,-0.42350919364073214
13711,219,2,232.16000000000003,138,10,116.08000000000001,-1.4373932617721767,0.35802347888281866
13712,247,1,88.2,60,6,88.2,-2.6573255297256204,0.3312479779992633
13715,281,5,1018.2,525,86,203.64000000000001,1.0134270535816174,0.7725233967925295
13716,269,1,138.28,138,21,138.28,-1.56568670985441,0.9154314576162286
13717,32,6,1088.32,1080,76,181.38666666666666,1.7636226070226584,-0.29373051299432557
13718,246,2,130.8,44,6,65.4,-2.5035673397878586,-0.2031762293991908
13719,15,5,855.41,447,50,171.082,1.232564772044995,-0.6408117520735414
13720,117,4,685.8,354,40,171.45,0.4337972440692878,0.28368813560848344
13721,36,1,431.34,286,24,431.34,0.08158083493484805,1.1278353633407048
13722,132,3,1203.88,886,56,401.29333333333335,1.3046532190395805,1.3089753503624282
13723,217,1,102.9,22,4,102.9,-2.9968244423482444,0.3148512972693334
13725,50,7,1203.52,642,75,171.93142857142857,1.568469028561749,-0.28221010517784323
13726,39,2,429.12,540,34,214.56,0.3769225884064689,0.372047389547388
13727,29,2,285.78,156,18,142.89,-0.5742020647190413,-0.23818800969338472
13728,37,6,437.44,388,23,72.90666666666667,0.17691601852990166,-1.1969052591408256
13730,136,2,482.95,421,30,241.475,0.061771408123808616,0.9626672915185562
13731,219,2,511.59000000000003,270,30,255.79500000000002,-0.15722411523489288,1.1821207757113452
13732,28,1,491.86,498,33,491.86,0.5625571392826102,1.2046386792354014
13735,25,4,1784.54,969,132,446.135,2.356914876807365,0.6549246521367822
13736,5,2,566.05,483,156,283.025,1.5716777233664259,-0.04970930129338029
13737,200,1,146.05,64,21,146.05,-1.7338351989301848,0.789396278740601
13740,241,1,234.71,205,17,234.71,-1.0623849071592792,1.3343679635344459
13741,72,3,405.63,190,23,135.21,-0.3266765274246563,-0.06616629446578748
13742,17,12,1833.0600000000002,905,168,152.75500000000002,2.634839455842967,-1.0502133201107984
13743,3,7,409.2,312,5,58.457142857142856,-0.000777643076022761,-2.562703809870413
13744,95,2,952.5,924,45,476.25,1.1193579671176281,1.4911677978439821
13745,162,1,241.36,388,22,241.36,-0.624952250678514,1.2574358564305643
13748,96,4,328.7,230,19,82.175,-0.5460383665333987,-0.5284431885280199
13750,54,3,162.32,66,9,54.10666666666666,-1.714974748434194,-1.1230352272330522
13751,288,1,75.6,45,6,75.6,-2.913930627875178,0.24438651919045062
13752,124,6,676.5400000000001,453,56,112.75666666666667,0.6615050453517393,-0.2315494482539655
13753,288,1,536.06,448,31,536.06,0.06424557952554953,2.2300407693314797
13754,152,2,129.6,90,7,64.8,-2.096850145072804,-0.35327078992355554
13755,4,8,1556.3500000000001,939,208,194.54375000000002,2.836880019320946,-1.107862536682439
13756,2,12,1663.16,866,52,138.59666666666666,2.4705973944072315,-1.9962012078349696
13758,12,7,1473.74,727,77,210.53428571428572,2.0834269940780654,-0.6689105915520942
13759,71,1,340.59000000000003,213,20,340.59000000000003,-0.4272655488510781,1.1662555541903143
13760,54,2,286.79,197,50,143.395,-0.2248590630998995,0.12620845812864526
13761,50,2,974.65,630,62,487.325,1.263209802604567,1.2505434143612448
13762,219,1,133.2,104,5,133.2,-2.1720572099431803,0.657583564350446
13764,71,3,1352.96,913,168,450.9866666666667,1.977346202924553,1.2567520286790324
13767,2,32,4843.16,2432,40,151.34875,3.726408929582165,-2.506728558841348
13769,2,10,1946.3100000000002,887,59,194.63100000000003,2.6305775066909645,-1.5766905193229428
13771,64,4,1732.9,1062,93,433.225,2.0272284950555375,0.9868567988632271
13772,34,3,858.78,488,129,286.26,1.4439535148907932,0.494673488487764
13774,82,1,314.15,189,20,314.15,-0.5654181930140277,1.1479400321421667
13777,9,17,1305.5900000000001,881,24,76.7994117647059,1.7686409830283203,-2.2897413905985355
13778,103,1,178.7,70,9,178.7,-1.7140996377158526,0.6199463746916687
13780,7,2,247.31,160,53,123.655,0.028699259889633157,-0.8176201605695533
13781,251,1,68.54,24,13,68.54,-2.9043879729370667,0.12778062732890913
13782,13,6,766.5600000000001,326,87,127.76,1.2944393430282084,-1.0217137787891803
13784,219,3,126.30000000000001,90,4,42.1,-2.381074493472712,-0.8011225305106535
13786,367,1,109.2,96,5,109.2,-2.4696616084027156,0.696466077903599
13787,76,2,231.55,187,20,115.775,-0.8410489680253226,-0.003932874869108459
13790,4,1,236.83999999999997,424,37,236.83999999999997,0.3566802649286659,-0.16600598141568937
13792,66,2,183.05,91,12,91.525,-1.4467110905464413,-0.3563460376481048
13798,18,8,130.51,103,29,16.31375,-0.9704333127371564,-2.9868203029203295
13799,117,2,513.16,348,27,256.58,0.032752888819139,0.9308060881017387
13800,310,1,439.82000000000005,301,30,439.82000000000005,-0.264924097195893,2.0600557454927957
13801,67,1,247.1,160,18,247.1,-0.811440254230747,0.8360797201206713
13802,139,3,297.82,330,21,99.27333333333333,-0.5480225861046053,-0.03225966745507879
13803,255,1,277.07,121,17,277.07,-1.1338586989316495,1.4675472716400977
13804,31,7,2082.43,1162,107,297.48999999999995,2.4595852420274187,0.06923177260831581
13806,64,1,152.73000000000002,41,8,152.73000000000002,-1.967479621691248,0.24306634609241412
13807,367,1,80.8,32,5,80.8,-3.0970642608588754,0.3666939050115508
13808,6,5,1013.6600000000001,616,53,202.73200000000003,1.6867864859895971,-0.8139220192665151
13809,305,1,60.300000000000004,20,4,60.300000000000004,-3.5222171464566783,-0.0082241956306323
13810,29,2,448.66,258,23,224.33,0.056814500052450805,0.20674965935727502
13812,42,3,452.1,326,30,150.70000000000002,0.17238000029632536,-0.13510205294818392
13813,40,4,1050.26,527,49,262.565,1.225599119376356,0.25454671041696164
13814,92,2,887.8199999999999,628,31,443.90999999999997,0.7854900853510645,1.3577021114834062
13815,22,4,2582.46,1710,119,645.615,2.84105239519173,0.9520850190412101
13816,24,2,367.32,208,21,183.66,-0.17380051539739963,-0.06503268739897024
13817,29,2,328.98,208,19,164.49,-0.3388619699873367,-0.09296255073569452
13819,302,3,457.35,301,18,152.45000000000002,-0.4711421651631852,0.6419618165997295
13821,145,2,321.89,147,49,160.945,-0.4612962051692983,0.6142089428258447
13822,6,2,454.8,448,85,227.4,1.0968979236831031,-0.2359838982773234
13823,19,2,413.90000000000003,303,24,206.95000000000002,0.1564612870260612,-0.01871126572766351
13824,33,4,677.81,395,24,169.4525,0.5388723200785455,-0.28684593289208354
13826,176,1,102.3,74,6,102.3,-2.392161822039832,0.3311560262972313
13827,58,3,239.9,125,69,79.96666666666667,-0.4159911611919181,-0.5354394223191162
13828,22,1,168.45,95,12,168.45,-1.2155290189812868,-0.019101749880530355
13831,16,3,370.77,135,47,123.58999999999999,0.07597820244620715,-0.7117297234462803
13832,19,1,52.2,28,3,52.2,-3.0089623626394193,-1.2741607789760099
13833,159,1,226.4,100,19,226.4,-1.2166433539054482,1.0930819194882762
13835,25,4,692.37,426,43,173.0925,0.8680371526736279,-0.3230988456240505
13837,212,2,226.24,147,16,113.12,-1.253646325337428,0.36695387953422687
13838,6,4,527.58,246,130,131.895,1.1791018351863574,-1.0417432804759221
13842,59,9,2516.05,1543,122,279.56111111111113,2.6529207028607336,0.15955616690612037
13844,11,1,345.12,194,19,345.12,-0.07748607090623477,0.41643377187862474
13845,65,1,112.86000000000001,66,5,112.86000000000001,-2.2015094420297348,-0.01919931114762212
13846,25,3,733.1600000000001,374,47,244.38666666666668,0.8890144023495872,0.12257463864756009
13849,52,2,1285.95,970,83,642.975,1.7456517671644167,1.5624886796640631
13850,129,1,1478.98,932,87,1478.98,1.7127576955182442,2.919794203532708
13851,96,3,1192.52,933,65,397.50666666666666,1.4437274205724553,1.1855769288236415
13853,57,1,272.16,150,11,272.16,-0.9075303012671443,0.8060589485874297
13854,24,16,651.39,399,17,40.711875,0.5951960197248685,-2.492794766906883
13856,169,3,120.3,114,9,40.1,-2.000160408961398,-0.8704953926137549
13858,57,1,182.67000000000002,71,9,182.67000000000002,-1.563756006312953,0.39523222790258855
13859,326,1,172.76,126,25,172.76,-1.3983034219875659,1.1978813867946938
13860,1,5,1106.93,531,53,221.38600000000002,1.9770440096072683,-1.272179699195709
13862,18,8,2041.96,1610,94,255.245,2.6389100147837827,-0.3516968750037415
13863,248,1,264.88,220,18,264.88,-0.9260556027454403,1.460773757431499
13865,58,4,437.81,199,24,109.4525,-0.17448428951469266,-0.4782959240806987
13866,74,1,145.67,57,7,145.67,-1.96609481594585,0.2721797337549449
13867,31,3,719.74,480,42,239.91333333333333,0.8752326107704635,0.19953054598601583
13868,39,1,428.37,409,29,428.37,0.26144003739465677,1.1948267147525296
13869,123,4,2468.25,1617,205,617.0625,2.632076060431421,1.6654584759187503
13870,2,8,1508.94,937,73,188.6175,2.5080556332361805,-1.4458119716462772
13871,23,13,4541.85,2360,131,349.37307692307695,3.5479102673509586,-0.2231801769751611
13873,120,3,324.05,133,17,108.01666666666667,-0.8580851294292134,-0.09837688960777144
13874,358,1,247.45000000000002,140,14,247.45000000000002,-1.3176412127936088,1.5036114375849952
13875,54,5,1438.22,1149,71,287.644,1.852667802411242,0.42052542461143466
13876,64,1,98.8,34,6,98.8,-2.476540969951926,-0.16830291197496788
13877,86,1,17.4,12,1,17.4,-4.740922508320918,-1.699363325956776
13878,55,1,429.27000000000004,191,17,429.27000000000004,-0.2903856815304009,1.2403395208951598
13880,21,13,2519.63,1652,110,193.8176923076923,2.902398820157937,-0.8100433286088313
13881,72,4,741.24,492,26,185.31,0.5523801476216247,0.13221346246169602
13882,3,5,686.34,566,38,137.268,1.3406616731622443,-1.4217542284668196
13883,11,5,2080.33,1283,93,416.066,2.6249190265257494,0.13517839420196995
13884,7,4,670.45,253,41,167.6125,0.8937853138773578,-0.8830103901709917
13885,189,2,390.20000000000005,170,24,195.10000000000002,-0.5921777275572692,0.8358184506785883
13886,71,1,218.56,124,14,218.56,-1.1072475176951941,0.7150588218295046
13887,204,1,293.95000000000005,141,16,293.95000000000005,-1.0062700762246024,1.4303315450567002
13888,120,2,505.98,248,32,252.99,-0.04063944499931168,0.9224096032510332
13889,93,1,265.7,74,12,265.7,-1.2542074347842094,0.9492975273913328
13890,1,10,1767.8600000000001,798,70,176.786,2.672505139965914,-1.8210026428063144
13892,64,2,287.61,279,19,143.805,-0.5081149305563561,0.13383341340186894
13893,298,1,150.70000000000002,34,8,150.70000000000002,-2.3785624991344254,0.8589310413485371
13894,24,2,430.55,245,23,215.275,0.04554325732116999,0.09130223544844077
13895,28,4,1865.1200000000001,1034,88,466.28000000000003,2.2306924630602407,0.7057327885072867
13897,50,1,258.06,182,16,258.06,-0.7121885286832624,0.7511480034516079
13898,326,1,138.93,131,11,138.93,-1.8653111133965208,0.9397210585608149
13899,16,2,297.92,144,17,148.96,-0.4674461905979573,-0.4504199485620268
13900,193,2,553.95,381,35,276.975,0.1176143303603961,1.2348030827000607
13901,72,5,2196.21,1257,118,439.242,2.3591387292104513,0.9593826589911898
13904,37,2,332.64,332,24,166.32,-0.12358746569624712,0.0669151523825866
13908,80,4,1759.34,1114,92,439.835,2.004040094256076,1.0943210233418805
13911,144,8,1872.71,1363,106,234.08875,2.112411896607751,0.4249625067915133
13914,12,2,499.53000000000003,301,25,249.76500000000001,0.4126546233300158,-0.032994791819957466
13917,50,2,252.14000000000001,226,15,126.07000000000001,-0.724126708840799,-0.11607506710759653
13918,50,2,440.90000000000003,286,21,220.45000000000002,-0.07080567628179561,0.4125118904086527
13919,59,2,331.86,471,22,165.93,-0.132306028452179,0.27123371938007695
13922,352,1,81.6,56,4,81.6,-2.954869391261743,0.3763882115441458
13923,54,1,317.63,181,18,317.63,-0.5222145718373428,0.9729360459351003
13924,2,6,1544.05,1089,74,257.34166666666664,2.5578959789315303,-0.9971621314400431
13925,93,4,411.1,274,21,102.775,-0.26171872036800503,-0.3286147081910019
13926,23,1,150.10000000000002,99,8,150.10000000000002,-1.448029794648001,-0.1327093424041583
13927,75,1,307.39,194,20,307.39,-0.553866760092473,1.093853519817415
13928,11,4,336.47,117,17,84.1175,-0.35568475411690825,-1.4375733090734322
13929,169,2,103.65,27,4,51.825,-2.910513983698287,-0.6212933765715178
13930,58,2,297.74,250,14,148.87,-0.6144232020392183,0.08916720224235121
13931,96,2,915.57,623,53,457.785,1.0071307935645548,1.450439694519354
13932,295,1,195.8,60,10,195.8,-1.8882107509627166,1.1362516226768882
13933,109,2,369.39,161,18,184.695,-0.6451302287760052,0.5302157410029926
13934,264,1,497.05,283,23,497.05,-0.25786719148971554,2.0712998690905997
13936,180,1,369.74,294,25,369.74,-0.36240552088367306,1.6646405080798292
13937,169,1,128.25,87,8,128.25,-2.047156648810802,0.5432077696873727
13938,35,1,71.66,70,7,71.66,-2.288415641774775,-0.6333792120387974
13939,23,3,466.37,593,36,155.45666666666668,0.6121011238423404,-0.2970178535460813
13940,17,4,608.96,396,33,152.24,0.7176727586542736,-0.6170754609105212
13941,22,5,219.00000000000003,108,8,43.800000000000004,-1.1255338768702712,-1.915265496955913
13946,79,3,57.33,55,5,19.11,-2.8735729210610916,-1.9042930356694454
13947,65,1,90.60000000000001,44,5,90.60000000000001,-2.518315434264365,-0.23451043780159259
13948,361,1,23.4,12,1,23.4,-4.829703282330108,-0.8564344943695489
13949,3,6,1927.93,1941,119,321.32166666666666,3.068116802854202,-0.6023996668525823
13950,11,4,394.70000000000005,248,24,98.67500000000001,0.1723797855316209,-1.2206192122901705
13951,176,3,504.09000000000003,293,32,168.03,-0.06536213929657432,0.550753862305753
13952,218,2,1736.661,968,84,868.3305,1.676588849249494,2.419006193040124
13953,7,2,182.48000000000002,108,7,91.24000000000001,-1.1162619450338225,-1.2836928178270435
13954,2,2,307.82,140,19,153.91,-0.02957275924708264,-1.1408425481516469
13955,154,2,239.31,147,29,119.655,-0.9124598106503872,0.3353290728522713
13956,5,5,678.54,398,105,135.708,1.5154613820026295,-1.191292576021592
13959,79,3,512.75,347,76,170.91666666666666,0.5223918985507895,0.3229753348906315
13960,21,2,159.42000000000002,132,10,79.71000000000001,-1.2443538234113176,-0.9333961319165633
13962,22,2,82.1,80,6,41.05,-2.1337578646881306,-1.5572117476365352
13963,308,4,469.02,326,27,117.255,-0.259276544744931,0.31753294538664606
13967,146,1,35.7,6,1,35.7,-4.533444470156167,-0.9191870336709308
13969,7,18,5744.58,3191,307,319.1433333333333,4.466936116862902,-0.8693870940593481
13971,19,8,2372.6,1494,108,296.575,2.774235029174447,-0.19207714194927716
13972,71,2,174.35,185,14,87.175,-1.1880078857413345,-0.30877543969825694
13973,287,1,147.75,80,8,147.75,-2.0814080125361976,0.8809374000518483
13974,49,1,413.59000000000003,249,28,413.59000000000003,-0.008298376936682538,1.2223528579719039
13975,31,6,2108.58,1473,227,351.43,2.840139887459476,0.3884749200403258
13976,207,1,91.1,50,5,91.1,-2.7201046443422747,0.25930605133982043
13978,45,1,54.17,75,9,54.17,-2.446311137723402,-0.7450391639980738
13979,73,1,869.87,639,54,869.87,1.0911567549198466,2.1537035226109382
13980,60,1,69.58,86,7,69.58,-2.353232584735143,-0.42444804680241893
13982,39,4,1325.6000000000001,833,66,331.40000000000003,1.698115314395256,0.5033789419218525
13983,40,9,1057.24,924,78,117.47111111111111,1.6884729272052372,-0.8253782768579795
13984,27,4,216.23000000000002,115,11,54.057500000000005,-1.0568754436262875,-1.5010775078188576
13985,4,15,6365.72,3146,105,424.3813333333334,4.194067952672281,-0.8033580921506681
13986,17,1,147.06,98,9,147.06,-1.3625759283471262,-0.2617333984648649
13988,20,6,3028.05,2357,156,504.675,3.23995247879766,0.522086163875607
13989,66,2,462.21,360,22,231.105,0.007714567619990958,0.5868677518544618
13990,213,1,292.58,142,15,292.58,-1.0410907186276515,1.439074466838606
13991,12,6,685.33,654,58,114.22166666666668,1.3144409090420115,-1.1414816037934503
13992,30,1,76.8,64,5,76.8,-2.3486724383480513,-0.6691872530735399
13993,43,8,1409.96,603,43,176.245,1.4982029761536029,-0.4567563447363479
13994,4,6,1939.3400000000001,860,110,323.22333333333336,2.6975193520109544,-0.5641976729878296
13995,15,5,1308.99,869,52,261.798,1.8249159843297433,-0.22527526455158806
13999,10,12,2916.79,1891,92,243.06583333333333,3.1378805416845754,-0.8619658795393929
14000,211,1,111.0,52,5,111.0,-2.555318222760629,0.44004358370348634
14001,46,3,387.2,180,17,129.06666666666666,-0.40150537172101936,-0.3212052129811697
14002,134,2,368.6,568,35,184.3,0.01997644343982534,0.7559167053118991
14004,43,7,2422.16,1538,72,346.0228571428571,2.4542280912938232,0.31548560730585856
14005,10,5,908.3,982,43,181.66,1.5881145829179564,-0.7083279227978346
14006,116,3,503.6,296,17,167.86666666666667,-0.2143282024583623,0.32050786244273877
14009,198,2,646.8100000000001,359,39,323.40500000000003,0.2551665652494988,1.385875210065602
14012,278,1,289.2,152,10,289.2,-1.2338180743662472,1.5095232196886512
14013,110,3,395.97999999999996,358,28,131.9933333333333,-0.1327432524024685,0.1474901983938015
14014,77,1,304.42,512,27,304.42,-0.10107315670626042,1.1863637279642034
14015,53,1,151.5,58,8,151.5,-1.809884814589794,0.18059685306553155
14016,162,4,2216.14,1414,119,554.035,2.221951405281747,1.627169089358529
14019,47,3,951.41,609,34,317.13666666666666,1.0107830416229415,0.6077032808929925
14020,17,2,534.26,375,31,267.13,0.5570846389274798,0.19533240880935693
14021,155,2,305.8,114,16,152.9,-1.0395674643613695,0.4803378689439753
14022,225,1,396.8,375,25,396.8,-0.2671969289550962,1.8348166992537451
14023,7,2,496.22,298,28,248.11,0.5538685722862395,-0.2326107787166637
14024,122,2,298.45,147,14,149.225,-0.9652136367018015,0.36450816159586713
14027,61,1,104.82,62,6,104.82,-2.206476655181504,-0.0987395313817802
14029,63,2,191.46,122,10,95.73,-1.3628456558390447,-0.33348550316686876
14030,18,8,1489.75,1380,189,186.21875,2.611259387556849,-0.5702232661306565
14031,7,14,1468.53,741,78,104.895,2.2810077759177543,-1.8953112331291737
14032,16,10,1720.01,1256,47,172.001,2.1896572776081773,-0.9551612903816862
14034,22,3,346.77,252,73,115.58999999999999,0.3555203932436333,-0.561888200311972
14035,29,4,710.35,409,36,177.5875,0.7728297611625429,-0.2597967985527865
14036,285,1,451.25,248,28,451.25,-0.32299900347598326,2.028390995273029
14037,176,2,139.25,45,26,69.625,-1.8332427084009433,-0.1615080533764453
14038,78,3,1520.78,957,63,506.9266666666667,1.6779664407151136,1.3095275204197445
14039,33,1,82.6,44,5,82.6,-2.4453855997511083,-0.5919288522208981
14040,41,12,1524.46,876,115,127.03833333333334,2.1412811890170893,-0.8918931388756031
14041,266,1,101.51,75,20,101.51,-2.043821934216104,0.600215266343254
14044,27,4,538.52,301,158,134.63,1.042005249383967,-0.4119918837621789
14046,284,1,47.71,172,9,47.71,-2.6461270598054343,-0.0355985556351421
14047,9,4,337.20000000000005,140,11,84.30000000000001,-0.4116872633135424,-1.5383452344372384
14048,305,1,399.85,240,82,399.85,-0.024396987685252326,2.0478286425932835
14049,17,4,3967.64,2777,307,991.91,3.787879467166019,1.342389464421474
14050,32,2,746.36,689,49,373.18,1.087459546436257,0.8206858427232261
14051,1,18,1763.21,839,29,97.95611111111111,2.421325518250524,-2.7771971388811605
14052,20,1,173.66,83,51,173.66,-0.6652235882214437,0.08994405409860444
14053,160,1,41.75,25,2,41.75,-3.794015058289415,-0.6246984391126769
14054,65,1,92.46000000000001,62,6,92.46000000000001,-2.3185897819084915,-0.1806391197003027
14055,106,1,104.14,46,5,104.14,-2.499174093194179,0.09073132407254393
14056,1,23,5792.69,3839,297,251.85608695652172,4.86636871497034,-1.8046393980121314
14057,24,15,2856.27,2435,150,190.418,3.256356845493196,-0.8078715247796537
14059,267,1,132.6,68,7,132.6,-2.2560749786208913,0.735826434713682
14060,5,16,1877.8,2004,58,117.3625,2.80003894744805,-1.9657905301472907
14062,10,6,456.93,263,24,76.155,0.358491781552845,-1.7003071553852085
14064,29,5,763.55,651,56,152.70999999999998,1.1858433409395903,-0.44085317933685053
14066,267,1,114.30000000000001,42,6,114.30000000000001,-2.597853143027927,0.5642641496254135
14067,64,2,275.04,224,45,137.52,-0.2893402444953305,0.15874400583248446
14068,320,1,208.35,65,19,208.35,-1.5891349936383528,1.2850224483071233
14071,4,8,952.72,864,247,119.09,2.4877991659087426,-1.5217992056409018
14073,32,1,151.04,130,13,151.04,-1.2380710581083205,0.0650201369933901
14075,5,3,569.1800000000001,534,29,189.7266666666667,0.951192808177399,-0.7318101813570261
14076,129,1,105.52,80,42,105.52,-1.5457584058772083,0.4032076667212956
14077,78,4,268.25,169,29,67.0625,-0.6097066303383636,-0.7712282961084881
14078,102,6,346.46999999999997,192,42,57.745,-0.2455782085036374,-0.9704607878497411
14079,125,1,86.05,124,7,86.05,-2.2144871960288337,0.08565541254960236
14080,33,1,45.599999999999994,48,4,45.599999999999994,-2.9505321726312466,-1.1120237874200833
14081,302,2,695.05,537,113,347.525,0.7848676257886907,1.748524959846033
14082,365,1,127.05,70,25,127.05,-1.8758812148062427,0.9414557966721725
14083,4,8,835.63,593,149,104.45375,2.046804795451432,-1.7065019824752776
14085,2,18,3679.7,2593,253,204.42777777777778,4.177248857220527,-1.6980951480863065
14087,3,1,188.12,221,60,188.12,0.1777154819510329,-0.4571629626484655
14088,10,10,2451.42,779,92,245.142,2.6565701921555753,-0.7999302993149493
14089,57,1,113.3,84,11,113.3,-1.806370861516014,0.010326937471153477
14092,8,14,3214.21,1790,106,229.58642857142857,3.31480207740974,-1.08251308420161
14093,12,1,420.89,334,93,420.89,0.8775756371332404,0.8021772315801045
14096,4,17,31267.34,12342,907,1839.255294117647,6.826888969912599,0.6817689173522943
14098,37,1,86.14999999999999,80,20,86.14999999999999,-1.7221130003327696,-0.3537034075847849
14099,16,11,2475.16,1674,152,225.01454545454544,3.0569035259721353,-0.6539800869048603
14100,138,1,147.2,58,21,147.2,-1.6819907939955427,0.635329166509385
14101,295,1,2.95,2,2,2.95,-6.59818942152648,-2.5832845883079774
14102,5,5,773.18,544,31,154.636,1.2522836611248798,-1.169931509428535
14104,166,1,69.71,67,17,69.71,-2.337312469748075,0.05876058111727621
14105,239,1,865.4300000000001,686,60,865.4300000000001,0.8964537633818623,2.6564821386713486
14107,52,7,1829.27,1361,52,261.32428571428574,2.018961217707239,0.11199459544918362
14108,31,2,484.96,364,29,242.48,0.3179228564689301,0.34447226476228077
14109,73,1,144.2,88,9,144.2,-1.7264395857473136,0.30660315761450074
14110,37,10,2176.77,1299,83,217.677,2.4356468136866285,-0.35970781126498563
14111,96,2,25.2,16,2,12.6,-4.258931964024196,-2.119526042778288
14112,23,6,2505.16,1422,106,417.52666666666664,2.723956722353974,0.34458353629161315
14113,4,4,427.62,339,22,106.905,0.5069601085967467,-1.505759149189411
14114,331,1,195.13,89,11,195.13,-1.740097133223658,1.2148991784041077
14116,20,5,1052.94,598,54,210.58800000000002,1.4726942028765837,-0.32094101344704923
14117,144,1,90.0,72,3,90.0,-2.6827000415084656,0.08322889713021757
14121,4,4,2193.2,1569,129,548.3,3.0469512074589225,0.17264612576942373
14125,11,3,2356.93,1600,141,785.6433333333333,2.9430002844912853,1.0087193675710273
14126,11,1,183.4,68,9,183.4,-1.230827792940467,-0.2641650155790491
14127,123,3,503.01,295,29,167.67,-0.02476282980844779,0.3913448225689729
14128,61,2,625.0,563,39,312.5,0.6465024737108832,0.8968678523554501
14129,2,5,993.0600000000001,496,29,198.61200000000002,1.5424925206905826,-1.2557249900583112
14130,319,1,363.41,201,58,363.41,-0.31037564264897843,1.940210069659087
14132,2,11,2550.37,2002,88,231.85181818181817,3.3086991467150493,-1.3936874951788283
14133,130,3,459.69,283,21,153.23,-0.24700316638519607,0.30475610710206014
14135,2,14,1657.54,1217,73,118.39571428571428,2.7450719633475136,-2.1754715581066324
14138,2,2,832.38,562,39,416.19,1.5360226278297022,-0.12334483160589226
14139,46,1,278.28000000000003,316,21,278.28000000000003,-0.3321749085838643,0.8423049345239685
14140,4,2,913.1800000000001,762,58,456.59000000000003,1.7632318905628412,0.22727845846299796
14141,3,4,688.48,300,25,172.12,0.9362861452393254,-1.1841562510265964
14142,373,1,280.95,245,19,280.95,-0.9092759153662227,1.6940663240309675
14143,134,1,64.8,24,4,64.8,-3.2235093160051345,-0.2780182788496996
14146,9,5,3014.95,2146,165,602.99,3.3726771140145013,0.46781685294918646
14147,78,1,15.0,12,1,15.0,-4.830525623210624,-1.8614055602448947
14148,234,1,29.7,6,2,29.7,-4.615410498117717,-0.840107310797076
14149,221,1,421.12,216,27,421.12,-0.3860835307891012,1.850001941942554
14150,36,2,323.38,354,20,161.69,-0.18657617822975653,0.01920329040626409
14152,75,2,602.57,663,46,301.285,0.6967808940758515,0.976185982441599
14154,239,2,682.92,426,40,341.46,0.32888494007444646,1.5249538303138428
14155,266,1,118.75,25,6,118.75,-2.749600028478435,0.562797267105109
14156,10,32,10947.68,6252,480,342.115,5.414393568304769,-0.9638758868278121
14157,20,2,412.72,236,44,206.36,0.2884176462477641,0.037914782366718164
14158,40,1,397.38,581,36,397.38,0.40773404727589674,1.1824504942878498
14159,20,11,4491.04,4165,490,408.2763636363636,4.279092533211027,0.11987979581121168
14161,216,3,890.9200000000001,432,77,296.97333333333336,0.824621788738973,1.2352683142193266
14162,174,2,198.11,89,21,99.055,-1.3923539580489233,0.1617225355054141
14163,87,4,314.71,151,19,78.6775,-0.7107762916425492,-0.6339863718851203
14164,81,1,374.4,264,17,374.4,-0.36510698348802484,1.302435094472666
14165,276,1,84.29,50,20,84.29,-2.3423525184438336,0.4295227399629574
14167,39,4,525.09,145,24,131.2725,-0.060253435006350164,-0.5047069230741621
14171,98,1,308.44,162,54,308.44,-0.28880932820105953,1.2858271276625803
14173,11,4,222.34,106,23,55.585,-0.6012811067904144,-1.7727225809072273
14174,33,1,124.51,93,25,124.51,-1.2692376757589396,-0.05319167346165971
14175,60,3,2116.3,1355,111,705.4333333333334,2.346212439449139,1.5632954135842536
14176,297,4,517.2,203,25,129.3,-0.37514005038716236,0.3490621544557689
14177,96,3,150.97,87,27,50.32333333333333,-1.3849765392360738,-0.8332889745925529
14178,9,7,1407.76,1298,181,201.10857142857142,2.653970164949037,-0.7015284724611149
14179,41,2,566.88,313,124,283.44,0.898205694319626,0.7172447165601564
14180,11,25,1690.52,450,59,67.6208,2.0959956349001283,-2.5335527329649645
14184,67,1,245.59,105,15,245.59,-1.0367320092503278,0.7874140362762166
14185,331,1,12.75,3,1,12.75,-5.692912965819766,-1.4687901007265893
14188,31,6,637.26,518,23,106.21,0.6152958298115421,-0.9260947344523089
14189,2,15,3473.4900000000002,2840,154,231.566,3.9418349220689994,-1.514152419362416
14191,2,13,3617.6800000000003,2782,125,278.2830769230769,3.864672506735856,-1.2853679098484472
14193,68,2,657.95,317,30,328.975,0.3537233175118624,0.9250255015452477
14194,5,20,8248.85,4600,213,412.4425,4.818087228642761,-0.8451252886440122
14196,107,1,73.72,44,3,73.72,-2.9498920626435488,-0.24333035911182058
14198,18,4,504.6,226,28,126.15,0.2910455016114792,-0.808288137122875
14199,218,1,10.2,12,1,10.2,-5.336553282965852,-1.7446375010780357
14201,60,7,463.24,262,27,66.17714285714285,0.0529544503051031,-1.1823246294767484
14204,2,1,138.58,80,34,138.58,-0.5881299609052785,-0.9597749033902871
14205,17,2,288.2,182,16,144.1,-0.4445306008856508,-0.44529254347337477
14206,239,1,302.65999999999997,274,19,302.65999999999997,-0.7128557015515401,1.5800467506576055
14208,95,1,101.14,108,7,101.14,-2.0779395688780977,0.10190650159741335
14209,11,6,1098.5500000000002,405,37,183.0916666666667,1.3546496648490352,-0.8393782628830867
14210,106,6,1576.52,688,55,262.75333333333333,1.5077937355807587,0.46104855310895865
14211,53,9,1722.15,947,76,191.35000000000002,2.0118915674119777,-0.2888090040632932
14214,31,5,938.14,711,61,187.628,1.3998708387171348,-0.22198950487038582
14215,12,6,1650.47,1169,91,275.0783333333333,2.3967551747478977,-0.3013257035185156
14216,3,4,717.0600000000001,388,35,179.26500000000001,1.191710086731472,-1.1017934626769756
14217,2,17,1057.65,420,48,62.214705882352945,1.867836403967007,-2.9604338152524745
14218,43,1,169.48000000000002,160,12,169.48000000000002,-1.1652343891702241,0.2917105427797176
14219,4,1,73.44,76,6,73.44,-1.8606840845635375,-1.4465344100208544
14220,247,2,313.97,155,16,156.985,-1.009701958922124,0.7172696934959414
14221,42,9,2449.55,1829,100,272.1722222222222,2.6875378769520744,-0.01056086812490059
14222,177,1,576.5,474,37,576.5,0.31717011393528444,2.109912756454157
14223,92,3,696.96,502,38,232.32000000000002,0.5932040738215089,0.612412591203442
14224,110,4,621.25,350,86,155.3125,0.6661709641599833,0.24208414815617713
14226,30,4,798.09,562,43,199.5225,1.0420412838056183,-0.10830864377690257
14227,26,9,2493.7200000000003,1515,99,277.08000000000004,2.7313455509824216,-0.20324737921475136
14229,52,3,365.44,252,22,121.81333333333333,-0.2537796262198133,-0.2760561198984403
14231,184,3,793.26,402,43,264.42,0.5126142558853767,1.0095465263028716
14232,43,5,1577.56,1162,71,315.512,1.9787635309134028,0.40800097525208395
14233,49,4,421.66,266,20,105.415,-0.13275327538552412,-0.5774849533830967
14234,22,4,683.26,719,118,170.815,1.4722443680136685,-0.25884701511775937
14235,75,5,861.24,707,43,172.248,1.0034973041379174,0.03394524477684503
14236,81,2,150.24,204,11,75.12,-1.3873475316141042,-0.3967903476042837
14237,373,1,77.45,31,5,77.45,-3.1449071795120993,0.33506897477597763
14238,326,1,96.2,76,6,96.2,-2.565336247943555,0.5370599088958191
14239,43,11,1715.0,886,70,155.9090909090909,2.0207175732453093,-0.6865350684475592
14240,30,2,577.59,373,31,288.795,0.49765277601931357,0.49036262449732626
14241,184,1,147.3,130,9,147.3,-1.770198813789628,0.7341125523341576
14242,235,2,219.25,117,10,109.625,-1.5572444169514397,0.3273670382073077
14243,9,10,1888.93,915,79,188.893,2.4695275556515788,-1.0692980439952746
14245,220,2,1397.9,901,92,698.95,1.5128301285695804,2.237930193225271
14246,111,3,1213.8,632,50,404.59999999999997,1.1818547104337127,1.2116784078899352
14247,278,1,104.12,44,16,104.12,-2.3082856224746147,0.5865449239778783
14248,318,1,98.58,78,7,98.58,-2.477993194081393,0.5618860248697936
14250,7,3,1783.53,1120,88,594.51,2.494867686036519,0.5296591235239909
14251,2,5,1045.26,806,25,209.052,1.7015942437045528,-1.1930581778807463
14256,260,2,648.0600000000001,370,39,324.03000000000003,0.20818658184639896,1.5031416793332808
14257,64,5,1566.3,968,71,313.26,1.8213741849152818,0.5533402775634153
14258,152,3,130.5,98,5,43.5,-2.1724280514682994,-0.9028889977400711
14259,142,1,64.5,42,3,64.5,-3.132249182353702,-0.2433069305119421
14261,79,1,517.99,265,30,517.99,0.11587462160327108,1.625000385147369
14262,8,8,2287.61,1477,86,285.95125,2.8259790246214056,-0.5800669241593515
14264,155,2,129.57,43,5,64.785,-2.480125831273537,-0.41967026792449924
14265,109,2,333.43,313,20,166.715,-0.4457173494637957,0.4941394302756732
14267,163,3,726.24,426,17,242.08,0.13252318749401804,0.8028014351816896
14270,332,1,341.65000000000003,181,22,341.65000000000003,-0.7827534755246486,1.8084846161710897
14271,226,1,92.42,86,9,92.42,-2.3297229212499455,0.390918979219167
14272,74,2,330.2,408,26,165.1,-0.17297150875503675,0.3660054743328268
14273,51,4,518.37,244,21,129.5925,0.008789386876289771,-0.3840558228646617
14276,99,3,1000.89,717,49,333.63,1.0919509137270746,1.0031643651240034
14277,15,3,2686.46,1342,157,895.4866666666667,2.962533086895625,1.2415016915827588
14280,197,1,92.64,48,6,92.64,-2.648991309758432,0.264885322917678
14282,3,14,1936.18,1368,63,138.29857142857142,2.788929370600548,-1.9266258765315056
14284,31,2,505.3,152,21,252.65,-0.08927309063761345,0.29432878818697905
14285,21,4,246.38000000000002,110,9,61.595000000000006,-0.9906921657120952,-1.5102454703891084
14286,24,3,3672.36,3543,200,1224.1200000000001,3.560745631074137,1.7861429406022966
14287,8,2,159.35,117,8,79.675,-1.1725852859018306,-1.334802283661475
14288,213,1,261.0,124,13,261.0,-1.233526741637312,1.3187710177336944
14289,9,6,373.06,224,21,62.17666666666667,0.1109058334560038,-1.936741264520706
14290,11,5,1608.14,788,77,321.62800000000004,2.169880919236518,-0.13753383526095414
14291,2,11,3262.5,2556,127,296.59090909090907,3.737454921166109,-1.130235409514337
14292,8,9,1208.93,759,53,134.32555555555555,1.9029150737607679,-1.3932055477195484
14293,3,4,862.0600000000001,679,46,215.51500000000001,1.6465512318298419,-0.8808963286576529
14295,40,1,65.4,36,3,65.4,-2.9022328404017017,-0.7646269216450852
14297,18,4,902.5699999999999,549,41,225.64249999999998,1.2194002031935733,-0.2126841367951576
14298,8,40,16980.99,15025,584,424.52475000000004,6.23670716227116,-0.932214733082681
14299,8,8,1981.93,1263,78,247.74125,2.6172088893826224,-0.7236877699979228
14300,19,1,43.2,32,3,43.2,-3.108920518184561,-1.4270120297838316
14301,117,1,82.8,72,4,82.8,-2.613552487468247,-0.05397955459027558
14304,223,1,224.4,120,11,224.4,-1.4362538662134468,1.1904304674611375
14305,71,3,1533.96,964,89,511.32,1.8442153248680284,1.3104814864498342
14306,51,2,164.48000000000002,159,11,82.24000000000001,-1.3064161756074193,-0.5259406301147277
14307,89,6,2590.81,1768,135,431.8016666666667,2.6359016989504296,0.9641462543958683
14309,8,9,1597.73,1099,69,177.52555555555557,2.361085290149764,-1.1035924742713645
14311,243,1,198.97,101,13,198.97,-1.55013668914369,1.1253277074326304
14312,47,6,1185.8600000000001,698,58,197.64333333333335,1.48453107763308,-0.11577305614658182
14314,107,1,46.68,84,4,46.68,-2.9857386955151735,-0.5719016939374261
14315,45,6,1526.13,775,49,254.35500000000002,1.6648856561004406,0.07638531659835371
14317,65,1,375.58,240,20,375.58,-0.28781209145869013,1.2224300590713537
14320,207,2,457.89,323,28,228.945,-0.19439647944552996,1.067930018773129
14321,11,5,1095.0,1515,86,219.0,2.1467655836338473,-0.41796401189549265
14323,115,2,517.66,342,29,258.83,0.06471608134344087,0.9365280965942623
14326,242,1,123.85000000000001,55,7,123.85000000000001,-2.3640437398728835,0.6222177124414181
14327,163,1,148.15,73,9,148.15,-1.9465268681377628,0.6513078875587969
14329,17,7,3686.37,2374,189,526.6242857142857,3.522680595856949,0.4234264257141353
14331,124,2,395.76,244,25,197.88,-0.3430725668364266,0.6998021454703907
14332,23,3,198.15,121,11,66.05,-1.08653753427456,-1.2434133179825675
14333,68,1,138.20000000000002,28,8,138.20000000000002,-2.193638670439795,0.15749184937627453
14334,17,8,1829.61,1577,79,228.70125,2.4876693561754952,-0.486951875060239
14335,16,2,422.6,328,52,211.3,0.5379119333171131,0.006589626672903053
14336,17,4,1151.51,867,59,287.8775,1.7320945429696069,0.03899008615704774
14338,196,1,443.2,275,25,443.2,-0.2618906395262026,1.8531021206023546
14339,243,1,248.32,144,13,248.32,-1.2477193216757825,1.3402553033560536
14340,219,1,134.7,58,6,134.7,-2.310732520317724,0.6440144616099784
14341,45,8,1873.77,1194,97,234.22125,2.281261862821191,-0.07238714779942351
14342,21,4,243.0,217,15,60.75,-0.5684782225781019,-1.4340912776253314
14344,127,8,544.73,364,46,68.09125,0.35838431006115223,-0.8565499446137543
14345,39,1,69.38,26,5,69.38,-2.80275936888128,-0.7070056516848006
14346,121,2,799.46,554,47,399.73,0.7599607257048805,1.410098362206671
14348,260,1,251.97,151,15,251.97,-1.180409669362903,1.3966758375450665
14349,10,1,125.0,85,30,125.0,-0.9807640348677955,-0.5119455340131575
14350,274,1,282.93,183,18,282.93,-0.9622660836039162,1.5475783275626238
14352,157,3,711.96,444,31,237.32000000000002,0.37026022753428506,0.8264261538246348
14353,215,1,90.6,64,6,90.6,-2.582968938946006,0.30062373577220464
14354,6,2,126.17999999999999,114,8,63.089999999999996,-1.3098310829393087,-1.64216973600175
14355,366,1,158.5,90,10,158.5,-1.9566773098181351,1.069567447224453
14356,80,2,480.93,261,29,240.465,-0.012483990636153502,0.7046695627758267
14357,43,1,215.82,147,38,215.82,-0.5655726741488198,0.5981132234864014
14359,19,3,799.08,360,37,266.36,0.9072345262389133,0.06299602861880857
14360,32,4,1683.3300000000002,1105,92,420.83250000000004,2.1629131228896585,0.6792483278752788
14362,22,1,148.45,99,36,148.45,-0.8816040604691002,-0.028010797125838385
14364,109,8,831.4,514,38,103.925,0.7745743349529607,-0.5510697682528072
14367,8,16,6564.88,3661,237,410.305,4.477096606791383,-0.5418786436534252
14368,320,1,105.2,32,6,105.2,-2.798589383508089,0.5510311480697517
14371,295,1,60.900000000000006,26,3,60.900000000000006,-3.5053280348332243,-0.018103282775704607
14373,358,1,10.2,12,1,10.2,-5.44485291978909,-1.537571551613559
14375,185,1,241.78,192,55,241.78,-0.5507025945509542,1.3516100991780293
14377,191,2,53.25000000000001,15,2,26.625000000000004,-3.8617031902784382,-1.2193635027686265
14379,44,2,340.15000000000003,291,38,170.07500000000002,-0.012728680520863764,0.1900360420710436
14381,52,1,202.68,146,56,202.68,-0.5064641989951766,0.6566875479535179
14382,26,1,459.16,436,112,459.16,0.9563595332322088,1.218506284327881
14383,38,3,799.72,548,41,266.5733333333333,0.9537202834030207,0.3802064042829401
14385,9,3,202.10999999999999,159,13,67.36999999999999,-0.7190904918370045,-1.5610992251667057
14386,297,1,93.60000000000001,48,5,93.60000000000001,-2.7921865871003524,0.43063682217030874
14387,33,3,1415.29,745,112,471.7633333333333,1.9425858635086586,0.9306565532983962
14388,10,8,2679.76,1647,113,334.97,3.0548256362543507,-0.326351080650314
14389,65,2,626.54,380,28,313.27,0.3636961946378292,0.8695322225728297
14390,10,9,2659.05,1411,116,295.45000000000005,3.015910919047403,-0.5137266861730345
14393,218,1,67.95,13,5,67.95,-3.429906912567308,-0.05546877510912114
14395,2,9,3112.46,1645,169,345.8288888888889,3.6303169708673018,-0.8765155290034695
14396,65,2,451.09000000000003,221,67,225.54500000000002,0.24919368466600955,0.6289920657284032
14397,3,16,948.02,784,15,59.25125,1.48834840649125,-2.906999052731738
14400,149,1,326.48,232,21,326.48,-0.5720294766109789,1.4469415840718094
14401,4,13,2019.44,2320,95,155.34153846153848,3.1173265013657714,-1.6137191830617232
14403,217,1,14.85,3,1,14.85,-5.488126605562794,-1.521325170732719
14404,34,6,915.93,578,57,152.655,1.274602243265795,-0.48556993178021496
14406,119,1,106.25,39,6,106.25,-2.50538232313736,0.15993179372923588
14407,107,5,748.33,590,47,149.666,0.784852041384701,0.05590690395775942
14408,11,7,899.4100000000001,719,50,128.48714285714286,1.5370316337147174,-1.1701779337825402
14409,71,4,721.42,477,29,180.355,0.5649577790370756,0.11079460253652751
14410,92,9,892.52,546,141,99.16888888888889,1.4195586302702805,-0.6079082984559943
14412,43,2,562.33,578,37,281.165,0.6271368908307844,0.6584550993915093
14413,362,1,112.75,67,21,112.75,-2.050431722763468,0.8165248016132253
14414,92,7,1033.42,1346,63,147.6314285714286,1.5161095398910582,-0.13011618895234384
14415,1,13,5085.0,2672,253,391.15384615384613,4.488772619916225,-1.0969094039320801
14416,22,2,189.5,158,12,94.75,-0.986669861069934,-0.738725079042327
14418,4,3,1341.06,1286,96,447.02,2.4567898803874852,0.10212513381193533
14419,11,6,1032.21,484,109,172.035,1.7953813236099194,-0.7823831070562807
14420,99,1,387.52,334,29,387.52,-0.09186389491733021,1.4785076336662486
14421,57,2,298.86,270,19,149.43,-0.4647578374345544,0.11713778590033198
14422,1,6,3018.09,1905,157,503.01500000000004,3.67789138426987,-0.47918750028272994
14423,218,1,20.4,24,1,20.4,-4.586226213672985,-1.1384525263974616
14426,24,9,2751.91,1885,151,305.7677777777778,3.072946490128379,-0.09664107123308326
14427,64,1,205.57999999999998,112,13,205.57999999999998,-1.1973577951890015,0.6061395634687125
14428,7,5,740.26,322,93,148.052,1.3963407272990422,-1.0205266715285761
14431,303,1,303.66,114,13,303.66,-1.2211806865267014,1.5916798775657437
14432,10,6,1937.72,1890,251,322.9533333333333,3.1377487377741855,-0.10661213381364984
14436,99,1,76.56,128,8,76.56,-2.196736418604197,-0.09856254161442882
14437,366,1,63.0,60,5,63.0,-3.0679571313705236,0.1921184026351142
14438,306,1,131.9,82,9,131.9,-2.13366058681673,0.8210868312867018
14439,320,1,32.5,14,2,32.5,-4.338013280307978,-0.5837223883902625
14440,8,4,752.1800000000001,330,23,188.04500000000002,0.8309046454543443,-0.7690819408004957
14441,1,4,563.64,204,21,140.91,0.7240441873264721,-1.6883124960470555
14442,205,2,583.87,379,32,291.935,0.10930338420656364,1.2971006292385903
14443,54,4,1370.33,889,82,342.5825,1.76387303480403,0.689848215534262
14446,1,4,928.45,745,223,232.1125,2.515622358635264,-0.95504945404316
14447,19,5,1147.33,569,53,229.46599999999998,1.5258671625763127,-0.27193990795679096
14448,9,2,127.80000000000001,55,18,63.900000000000006,-1.3400684794236704,-1.4589847315277398
14449,19,4,873.85,754,199,218.4625,1.9221903982852775,-0.05271440439029225
14450,181,3,483.25,241,32,161.08333333333334,-0.1754158162346913,0.5131795480978348
14451,60,2,645.59,387,85,322.795,0.8463098483288661,0.9652694147566719
14452,11,2,196.89000000000001,112,49,98.44500000000001,-0.3988337022728257,-0.874766411954269
14453,190,1,109.98,48,21,109.98,-2.048177117705118,0.5046497862564557
14456,5,9,2695.68,2318,550,299.52,3.959764596995846,-0.5786172364972183
14457,311,1,68.64,52,3,68.64,-3.1787574915554773,0.15053309930503414
14459,155,1,271.6,232,13,271.6,-0.9068533847597111,1.2615173976474081
14460,110,3,110.4,96,4,36.800000000000004,-2.3128151874593703,-1.1979013119932986
14461,148,3,1388.15,606,148,462.7166666666667,1.6393592497578933,1.5452466322946354
14462,66,11,1612.78,861,136,146.61636363636364,2.132760171357191,-0.5039753096848948
14465,247,3,405.97,258,99,135.32333333333335,0.08770044039225494,0.6001482799832292
14466,29,7,876.15,643,29,125.16428571428571,1.062735933492776,-0.8657980554808843
14467,18,4,532.51,272,62,133.1275,0.7109669272986195,-0.6772347280299061
14470,12,2,303.99,147,33,151.995,-0.13079107333214604,-0.4846078230831828
14472,104,8,1556.62,1082,138,194.5775,2.0580565154287607,0.13892917877360966
14473,74,1,95.28,40,4,95.28,-2.6135960081567173,-0.16070412974806886
14474,46,1,240.06,108,14,240.06,-0.9894718419752935,0.608724901449746
14475,72,3,641.4100000000001,367,29,213.80333333333337,0.3622384685689979,0.39406758590532176
14476,257,1,205.75,131,16,205.75,-1.3646723056885262,1.2126974920129068
14479,254,2,252.65,109,14,126.325,-1.3639261233236866,0.5065993283954487
14480,11,1,212.63,117,11,212.63,-0.8465549526233876,-0.08403783254209672
14481,165,2,411.05,327,22,205.525,-0.31850203472045746,0.8590790902369737
14482,18,6,953.87,655,100,158.97833333333332,1.707807873320233,-0.6464190530312686
14483,282,1,137.1,97,9,137.1,-2.025127410377616,0.8312352451641248
14484,50,1,301.76,162,13,301.76,-0.7083836634444862,0.8611070273108269
14485,39,1,147.3,69,42,147.3,-1.07826823718379,0.18785448303529706
14487,27,6,977.18,717,100,162.86333333333332,1.6746725272183964,-0.45717681512309627
14488,68,1,706.18,575,41,706.18,0.7953530618291454,1.9111220866941145
14489,207,1,433.5,263,29,433.5,-0.25014851610153455,1.8671180092386013
14491,175,2,174.18,102,11,87.09,-1.688409101685389,0.005402192114320491
14493,7,5,1788.81,1067,79,357.762,2.4629437489773545,-0.19285928516659753
14494,26,1,139.56,92,7,139.56,-1.6046058070400744,-0.16203519913462416
14495,51,2,123.80000000000001,62,6,61.900000000000006,-2.0831138518925925,-0.8811409703217437
14496,312,2,189.92000000000002,88,11,94.96000000000001,-1.7995937145580376,0.3115622076529138
14497,309,1,335.52000000000004,220,21,335.52000000000004,-0.7287080545551159,1.7713170499578583
14498,43,5,1307.12,851,146,261.424,2.0028273760767976,0.2912430305048292
14499,26,3,775.62,496,142,258.54,1.4643523569815744,0.3075867176404586
14500,88,2,50.7,16,2,25.35,-3.709013619359531,-1.5787027221460934
14501,184,2,251.21,161,9,125.605,-1.319909246589816,0.3546168363004814
14502,20,9,1941.82,1444,347,215.75777777777776,3.0703620788632238,-0.41202736184404465
14503,3,6,2157.86,1512,101,359.6433333333334,3.001602946893323,-0.5361018016939371
14504,47,4,522.21,292,73,130.5525,0.5825598172122838,-0.2861928075097852
14505,17,8,4688.19,2377,493,586.02375,4.109443840852979,0.5266486269807358
14506,17,5,1258.3700000000001,610,170,251.67400000000004,2.108505228313493,-0.12376358521242994
14507,40,5,899.83,520,71,179.966,1.2591459055115075,-0.16068584920411333
14508,22,2,196.42000000000002,123,45,98.21000000000001,-0.5429303903464439,-0.6059868636154404
14511,11,5,1082.93,679,48,216.586,1.6172993296952582,-0.53356702553084
14512,188,2,175.63,115,16,87.815,-1.514976184583532,0.08269987660201301
14513,289,1,18.75,7,7,18.75,-4.5699871288554785,-1.035525531264622
14514,61,3,687.6,432,52,229.20000000000002,0.7397496341085948,0.44969654346274673
14515,18,6,997.08,540,52,166.18,1.4147606335887744,-0.6809182128542861
14517,33,2,192.55,75,11,96.275,-1.3596743768531954,-0.6169017402396139
14518,64,1,112.44,84,12,112.44,-1.8052870186763283,0.05896965967057598
14520,2,1,10.2,12,1,10.2,-4.396432736581765,-3.542122324280252
14522,92,2,19.46,15,4,9.73,-4.258990853991461,-2.300400287790364
14523,108,1,160.91000000000003,106,9,160.91000000000003,-1.6581502610240897,0.5756811997214701
14524,32,9,1293.28,609,138,143.6977777777778,1.9700669293358413,-0.7165846685938533
14525,20,9,2118.56,1270,191,235.39555555555555,2.854630407330238,-0.4004725577273526
14527,3,54,4230.71,1563,252,78.34648148148148,4.208190468320238,-3.159682185618782
14528,37,1,194.28,150,13,194.28,-1.019107643873505,0.35122397668445504
14529,60,3,584.39,345,174,194.79666666666665,1.01153381133317,0.3989320534867978
14530,26,6,1879.76,870,111,313.29333333333335,2.311099869138007,0.1168338821134519
14532,236,3,200.4,193,25,66.8,-1.1016907268290963,-0.17179545710386665
14533,25,6,548.52,449,30,91.42,0.5933564985395957,-1.1277656015872066
14534,3,18,3068.16,1621,293,170.45333333333332,3.858759380395339,-1.7519662365764752
14535,60,3,2502.03,1537,261,834.0100000000001,2.8645955111967973,1.7964553600295958
14536,260,1,76.85000000000001,31,13,76.85000000000001,-2.733053098481632,0.2568413957982033
14537,58,1,88.92,48,4,88.92,-2.550482737943096,-0.3090645218556956
14538,65,2,281.25,131,16,140.625,-0.8670175476617644,0.05660434718745223
14539,16,2,459.76,354,28,229.88,0.39072572447739606,0.028244610055677355
14540,10,3,880.11,409,57,293.37,1.3300034236924154,-0.05587461947367713
14541,59,8,897.25,483,68,112.15625,1.173284156321544,-0.6899881110250342
14542,186,1,103.25,19,5,103.25,-2.9382978892250162,0.26142394913505623
14543,29,16,593.19,225,22,37.074375,0.3730280117340295,-2.510357364911402
14544,24,2,1010.77,709,77,505.385,1.5765038591239768,1.0111192633561294
14546,5,5,2370.54,1294,237,474.108,3.2550289422373546,0.045548581781709764
14547,4,8,3174.9500000000003,1983,181,396.86875000000003,3.616297563395718,-0.4536571675045155
14549,311,1,224.98,94,50,224.98,-1.015514319701387,1.450878615368853
14550,11,2,357.64,268,32,178.82,0.21981707090654845,-0.34128221849663054
14551,18,2,148.23,103,7,74.115,-1.4860415283365473,-1.1031871065009977
14552,152,1,157.12,90,56,157.12,-1.1134122644762883,0.8491667978764921
14553,19,5,543.62,449,96,108.724,1.0850132817519562,-0.878779299078802
14554,10,4,1650.55,1038,129,412.6375,2.4994548653535467,0.22912234572350595
14555,57,2,263.3,94,17,131.65,-0.9871572709730511,-0.07066196628657467
14557,85,1,111.88,140,6,111.88,-1.9346480300813755,0.14716677508128276
14560,17,13,530.67,416,24,40.82076923076923,0.6240945895264289,-2.4636300098235466
14561,76,3,917.77,769,59,305.92333333333335,1.1790155428404192,0.8400391651920014
14562,4,17,3366.32,1532,164,198.01882352941178,3.6234471237318404,-1.5497839784593541
14565,96,4,2004.6100000000001,1044,85,501.15250000000003,2.0129627029601167,1.2716482997017842
14567,57,2,383.40000000000003,180,15,191.70000000000002,-0.5040433407782773,0.28549101854781583
14569,1,1,25.85,13,6,25.85,-3.086516918798782,-2.8291832989439345
14570,281,2,112.86,79,25,56.43,-1.9140835971544485,-0.11386708315438668
14572,3,7,2132.41,1068,178,304.63,3.10561895199193,-0.7396690145164365
14573,180,9,792.3000000000001,420,105,88.03333333333335,0.9678118022642879,-0.47598541103222336
14576,372,1,35.400000000000006,12,1,35.400000000000006,-4.519336662277251,-0.4957990732761004
14577,13,4,859.71,353,86,214.9275,1.3794425982762852,-0.3435185005674397
14578,3,1,111.51,84,21,111.51,-0.9903285070512828,-1.0671098147201525
14581,17,1,95.67,84,13,95.67,-1.621026746666854,-0.6112611437461823
14582,41,1,94.21000000000001,71,5,94.21000000000001,-2.218090511575018,-0.3595351913882373
14583,6,5,857.04,708,231,171.408,2.1881081126781794,-0.8139784985764889
14584,169,4,834.96,365,61,208.74,0.6857942162691458,0.6477046913914972
14585,50,1,148.55,90,28,148.55,-1.1872941076785273,0.27727240551894344
14586,277,1,202.44,328,16,202.44,-1.0624087170494974,1.2895744012579782
14587,19,9,1279.18,692,157,142.13111111111112,2.1687166374481133,-0.9155607461149614
14591,15,4,971.14,608,112,242.785,1.7480087647711462,-0.12208419675820477
14592,35,3,528.8100000000001,411,128,176.27,0.9894854142898369,0.07437240443755101
14593,22,3,451.79,317,121,150.59666666666666,0.8471413579649848,-0.2716517756596051
14594,7,2,273.28,172,40,136.64,0.023218677414768976,-0.7523946345465383
14595,20,6,1420.96,855,83,236.82666666666668,2.0235048647818923,-0.25914486779616447
14597,11,1,187.25,157,33,187.25,-0.4240157077157466,-0.07773528205583623
14598,44,1,221.97,189,49,221.97,-0.3582399094587542,0.6713983398718281
14600,306,1,236.43,107,15,236.43,-1.3902289476278733,1.3871905075648565
14601,11,1,123.96000000000001,96,6,123.96000000000001,-1.5582887375784844,-0.6138786490235767
14606,1,90,8162.81,4915,740,90.6978888888889,5.80806067402801,-3.490760446001049
14607,19,1,45.300000000000004,14,3,45.300000000000004,-3.3582652526854537,-1.4381092790572083
14608,4,3,89.4,20,5,29.8,-2.2796780601902036,-2.7580958936275057
14616,285,1,10.08,24,1,10.08,-5.1662725237623,-1.5994794790406954
14618,9,3,196.8,112,6,65.60000000000001,-1.143598503333756,-1.67141985486146
14619,246,1,263.74,138,13,263.74,-1.2181833397945656,1.394840628146082
14620,206,2,318.54,170,21,159.27,-0.8222032826015365,0.684146747445337
14621,1,5,1390.52,869,70,278.104,2.4453491053910144,-1.0167356998137413
14622,185,1,288.78000000000003,142,19,288.78000000000003,-0.9313782398961067,1.3898362812715903
14623,32,5,690.85,356,99,138.17000000000002,1.092417769364597,-0.4742570361892936
14624,57,2,225.85,162,13,112.925,-1.0126377968858467,-0.19136047711500645
14625,196,2,668.48,310,39,334.24,0.23033580089756714,1.4006833213422434
14626,24,4,1607.06,1032,88,401.765,2.1446909625186303,0.5141075232372216
14628,91,2,238.11,193,14,119.055,-0.9813198976931604,0.06536298271419953
14629,4,2,568.66,341,111,284.33,1.3540650270960592,-0.17633899641880887
14631,51,3,546.22,384,30,182.07333333333335,0.3392271498364106,0.11882815770531235
14632,263,1,79.94,46,6,79.94,-2.8426340458903523,0.25584689673916605
14633,266,1,235.4,84,14,235.4,-1.4758198650997403,1.3032520942980261
14636,36,2,527.2900000000001,193,26,263.64500000000004,0.08069029671276541,0.4267271809955944
14638,51,1,166.8,114,9,166.8,-1.4415018153882118,0.3014205756001201
14639,52,6,2119.57,1225,105,353.2616666666667,2.36030412796474,0.5207789156845802
14640,24,6,1438.6100000000001,707,73,239.76833333333335,1.875441910834897,-0.19963821031232987
14641,22,1,70.86,66,6,70.86,-2.273503216659743,-0.8469769415808975
14642,59,1,19.8,4,1,19.8,-4.9091081084887405,-1.810735368156818
14643,170,2,211.72,280,16,105.86,-1.0250534824392112,0.2595877824392505
14644,68,2,381.02000000000004,192,20,190.51000000000002,-0.4148800849691099,0.38245483351486875
14645,157,2,419.42,322,24,209.71,-0.2639680440913719,0.8626354435638661
14646,2,25,2642.3,2007,216,105.69200000000001,3.8078563405120662,-2.512245847620333
14647,201,1,144.22,75,23,144.22,-1.6532842255812494,0.79891753695717
14649,5,4,876.96,577,134,219.24,1.9345597652767437,-0.6082088329005411
14651,67,2,561.15,336,87,280.575,0.6697795190788848,0.8821231165497404
14652,77,1,94.28,51,27,94.28,-1.854714132642884,0.02312479682043236
14653,1,7,1394.25,891,134,199.17857142857142,2.7430446002825066,-1.4366139959289248
14655,8,4,587.73,341,23,146.9325,0.648039052224341,-0.9804398029757366
14656,169,2,240.95,115,69,120.475,-0.6766184535740812,0.4431796909627383
14657,18,4,707.37,452,92,176.8425,1.274670916279012,-0.3621664918095041
14658,5,2,110.6,35,20,55.3,-1.461505406739228,-1.8162938753341231
14659,9,9,2302.78,1170,135,255.86444444444447,2.915363461919479,-0.6765876017323469
14660,87,2,129.88,189,21,64.94,-1.301947189033214,-0.4405477815442064
14661,27,1,41.05,29,3,41.05,-3.256745506173841,-1.3356679947206092
14662,29,4,596.6,511,129,149.15,1.2186526765870909,-0.2788780410979481
14664,20,2,568.24,459,75,284.12,0.9913985838941449,0.40737634472031364
14665,61,4,1229.6000000000001,604,46,307.40000000000003,1.2842504179299494,0.5676639246244298
14666,24,1,175.35,159,13,175.35,-0.9871414530529196,0.09085077743353528
14667,11,25,4910.81,2785,286,196.43240000000003,4.224066677594363,-1.3480504788873304
14669,242,3,1080.52,710,146,360.17333333333335,1.3859896045122533,1.5417041106772436
14670,280,2,403.58,336,106,201.79,0.17679123467003008,1.2091184274293152
14672,235,2,534.02,328,49,267.01,0.12299556669312986,1.3060688536347707
14673,3,5,1153.68,624,37,230.73600000000002,1.7756752561723266,-0.9682448664957957
14675,16,1,436.4,264,86,436.4,0.7313663541732047,0.9234472747833408
14676,31,3,111.6,96,4,37.199999999999996,-2.0318639421651428,-1.709813965175406
14680,72,14,1264.55,703,35,90.325,1.345077830440885,-1.1747908468579826
14681,212,1,15.0,4,1,15.0,-5.394602665283941,-1.508275696398479
14684,26,5,1115.53,823,225,223.106,2.1445820846292096,-0.012750910303182544
14687,107,1,177.42000000000002,78,9,177.42000000000002,-1.6892882982347972,0.6365093814846722
14688,8,20,2949.27,2366,134,147.4635,3.49058424067491,-1.6533077601963309
14689,209,1,104.85,75,12,104.85,-2.1577365812728777,0.48270385773508157
14690,44,2,316.05,163,38,158.025,-0.28003340111788616,0.08878010073797588
14691,31,4,897.0400000000001,482,38,224.26000000000002,1.0235183301972353,-0.015021113137503683
14692,137,4,558.55,261,51,139.6375,0.22242251699296567,0.1741138282190846
14693,265,1,45.4,24,7,45.4,-3.460793211864611,-0.2539666008381902
14696,4,7,1648.74,1203,100,235.53428571428572,2.6674663735733026,-0.9149762547174508
14697,218,2,96.56,58,16,48.28,-2.2610520215211225,-0.41267124405023287
14698,2,5,1070.06,597,135,214.012,2.273551293724273,-1.0377270801837508
14699,214,1,109.13000000000001,77,8,109.13000000000001,-2.2692328974096765,0.4943971281717417
14700,32,3,1384.53,767,73,461.51,1.772863094232704,0.8614115217764503
14701,11,9,1639.13,857,244,182.12555555555556,2.729481311762422,-0.8600977986630951
14702,1,17,2280.79,1274,165,134.16411764705882,3.4523433742504483,-2.282007167991868
14703,15,1,318.17,183,22,318.17,-0.16988533908254846,0.47567885949688793
14704,20,7,1343.73,1035,273,191.96142857142857,2.53626958855208,-0.407564196807084
14708,3,2,348.39,237,19,174.195,0.19501281915886265,-0.8790113946663647
14709,15,13,2077.2200000000003,1222,56,159.78615384615387,2.4435942155860406,-1.1925590216496593
14710,14,4,548.28,371,119,137.07,1.1559557180837905,-0.6706352928035206
14711,10,11,1631.79,792,200,148.34454545454545,2.6610537114959802,-1.220431414456756
14712,75,2,118.53,97,14,59.265,-1.734942786188409,-0.6593579845292382
14713,9,11,2072.31,1458,138,188.39181818181817,2.944294998153483,-1.0481712581329905
14714,24,1,46.9,34,7,46.9,-2.795348763491648,-1.194959798259712
14715,25,4,589.9300000000001,342,51,147.48250000000002,0.7290416075884235,-0.46032590564034026
14716,43,2,215.5,230,41,107.75,-0.422797190747444,-0.22215251555474588
14719,2,5,1471.18,1018,167,294.236,2.8031635855533232,-0.7071587366505383
14720,6,3,383.16,182,23,127.72000000000001,0.12660824289167483,-1.1004488931230054
14722,147,1,162.07,117,25,162.07,-1.3015808895549257,0.8057018841315216
14723,10,6,1028.28,647,182,171.38,2.1202979416800276,-0.7556583174909093
14725,25,1,408.33,329,34,408.33,0.30088580029845735,0.9729806255751005
14727,274,1,116.03,53,7,116.03,-2.4555991798616867,0.6153794255557449
14729,374,1,290.79,195,67,290.79,-0.47534514172809933,1.8245400667544498
14730,1,8,1576.56,1092,293,197.07,3.239149784146548,-1.4388348959953743
14731,47,3,346.13,222,36,115.37666666666667,-0.13036220727032946,-0.32826422711338776
14732,8,8,2028.99,1219,90,253.62375,2.679499736575574,-0.6924420895158911
14733,16,12,1481.44,768,53,123.45333333333333,1.9631769426150738,-1.3755650133706463
14735,4,26,2345.4,1018,69,90.20769230769231,2.908972397217886,-2.610379080499039
14737,4,2,123.3,62,5,61.65,-1.6348432399438835,-1.8801094951735107
14738,43,7,952.1400000000001,466,33,136.02,0.9778961715303606,-0.6427656642085331
14739,20,6,353.28000000000003,244,17,58.88,-0.14382317029300934,-1.6857864706784615
14740,197,3,1283.8600000000001,722,79,427.9533333333334,1.3298232451050047,1.5498520597729561
14741,12,6,934.34,621,31,155.72333333333333,1.2953024555054027,-0.934168337671463
14744,16,5,213.98,147,15,42.796,-0.7361449243455443,-1.987927522416402
14745,113,5,975.1,770,41,195.02,1.0250225759328893,0.3125448214611654
14747,249,1,176.95000000000002,69,11,176.95000000000002,-1.8462134421475616,0.994985938422211
14748,29,5,1330.09,1029,80,266.018,1.930839849576417,0.10260225566236686
14752,44,1,30.0,8,1,30.0,-4.316597905846488,-1.545605851972087
14753,87,1,526.75,207,28,526.75,-0.0076948233011265525,1.6572029470035516
14754,45,2,608.3,483,36,304.15,0.60378776510149,0.7310434548703852
14755,10,11,3172.61,1652,100,288.4190909090909,3.1775364170698444,-0.6607647204853462
14756,15,1,577.36,368,32,577.36,0.6981492997911202,1.0722046354004209
14757,75,1,314.38,110,16,314.38,-0.8251570374971682,1.056816725317864
14758,145,4,711.82,257,32,177.955,0.213846317421918,0.3640018777741631
14759,5,3,1073.07,513,63,357.69,1.740994113689402,-0.1138415099670276
14760,297,1,89.2,40,5,89.2,-2.8946087778136445,0.3775466360071303
14761,59,2,158.10000000000002,82,9,79.05000000000001,-1.6799732712332518,-0.5599112130385441
14762,264,1,277.12,305,20,277.12,-0.7458915405926745,1.5566369900829118
14764,47,1,79.8,60,3,79.8,-2.599822466646695,-0.49512122109406076
14765,29,3,159.76,76,34,53.25333333333333,-1.0427244506893731,-1.2644370859601686
14766,8,6,1960.22,1172,103,326.7033333333333,2.663337956030465,-0.29454304981965
14768,127,1,80.10000000000001,22,3,80.10000000000001,-3.16575944837481,-0.14467845451489983
14769,3,8,8202.27,6254,646,1025.28375,5.340834138485271,0.4710926033360186
14770,232,2,622.37,431,39,311.185,0.2563202320094262,1.430444934831382
14772,112,1,126.50999999999999,81,8,126.50999999999999,-1.9940317640634746,0.3556971844112147
14775,58,3,778.62,862,51,259.54,1.091498020636553,0.5799495244523477
14776,51,11,1239.54,1466,34,112.68545454545455,1.627432895627501,-0.9303606997857924
14778,127,2,485.26,258,28,242.63,-0.12341657050956183,0.9002226560831308
14779,281,3,187.55,73,29,62.51666666666667,-1.4842259878184445,-0.20537641122777026
14780,55,2,400.88,306,24,200.44,-0.09081528753518928,0.385603053558495
14782,320,1,110.10000000000001,42,5,110.10000000000001,-2.728490759766681,0.5931698709970005
14784,26,2,190.76000000000002,164,12,95.38000000000001,-1.003152680917214,-0.6634208444253366
14785,15,1,39.480000000000004,36,2,39.480000000000004,-3.2033059393251584,-1.6164157930965546
14788,7,2,431.07,330,22,215.535,0.3868351396546436,-0.3696110067319717
14789,29,1,109.8,68,4,109.8,-2.11262549211231,-0.38834523685576455
14790,17,4,554.46,465,27,138.615,0.6241547975204111,-0.7058205847081539
14792,64,1,6.2,2,2,6.2,-5.790316059495677,-2.695921479145802
14793,21,1,228.99,91,14,228.99,-0.9219169838017132,0.23871346627806933
14794,3,6,974.46,619,58,162.41,1.8304475817215788,-1.3346378940061847
14795,166,1,4.25,1,1,4.25,-6.556759577088792,-2.6398383732607744
14796,1,17,6504.16,5283,389,382.5976470588235,5.138366125204169,-1.2012509165353795
14798,53,3,173.74,150,11,57.913333333333334,-1.289875723626546,-1.0024326025016292
14799,51,1,32.720000000000006,14,5,32.720000000000006,-3.656570187984002,-1.275834025489391
14800,48,12,3219.52,2677,218,268.29333333333335,3.3574712167927556,-0.04774747169641519
14801,61,1,184.64,174,55,184.64,-0.5581266923802196,0.6514202324455298
14803,162,3,228.45000000000002,196,33,76.15,-0.8039141920778833,-0.19003151612831407
14804,9,1,126.72,84,7,126.72,-1.4955086595268594,-0.667398112594736
14805,15,4,186.5,48,22,46.625,-1.102328438884629,-1.8573814345185635
14806,75,1,66.0,47,4,66.0,-2.8465745301338994,-0.46039175709675356
14808,40,7,1374.47,1121,150,196.35285714285715,2.1979998187923036,-0.15813909079815164
14810,41,11,2038.08,1012,102,185.28,2.3643220180416025,-0.5131995842014608
14813,370,2,113.48,62,23,56.74,-2.0886300543127345,-0.01734323377386306
14815,37,2,737.22,624,51,368.61,1.0265964248463326,0.8662980089033235
14816,197,1,11.9,2,1,11.9,-5.734614912388908,-1.759652581373388
14817,200,2,920.48,563,48,460.24,0.7761385280270315,1.7446478532448293
14818,74,3,390.05,193,34,130.01666666666668,-0.20681524412609856,-0.052417334361787894
14819,64,2,176.07,69,11,88.035,-1.601827870481414,-0.427845476812841
14820,21,4,423.79,243,21,105.9475,0.0370369213847708,-0.9186242173057245
14821,367,1,48.800000000000004,20,2,48.800000000000004,-3.9317119564348473,-0.15946749625372422
14823,180,3,217.18,77,47,72.39333333333333,-1.0647900686909155,-0.2179101915258468
14824,10,4,235.26000000000002,162,11,58.815000000000005,-0.6626218895209105,-1.7980867125567759
14825,4,12,1741.69,847,75,145.14083333333335,2.5312969085700106,-1.7100706610098968
14828,254,1,10.08,24,1,10.08,-5.141133397923029,-1.6475448014490406
14829,29,4,650.83,372,37,162.7075,0.680103016373489,-0.3392199105924469
14830,53,1,188.88,168,38,188.88,-0.6674207145737193,0.5771142485730637
14834,18,6,1028.2,520,34,171.36666666666667,1.2592846675009572,-0.6955475672862639
14836,10,3,102.45,45,5,34.15,-2.0621724968714994,-2.261399181045207
14837,90,4,1613.5,1248,94,403.375,1.959771955928579,1.0773514976312923
14840,268,1,62.85,31,4,62.85,-3.308831147614326,0.0007621456055980595
14841,53,6,1970.93,1165,81,328.48833333333334,2.1777441614535618,0.43824464801565055
14842,44,4,2101.36,1052,108,525.34,2.3161793753846056,1.0134617892216322
14844,64,4,1705.99,1187,72,426.4975,1.9539989411194238,0.9569039294731131
14847,149,1,165.3,92,9,165.3,-1.7578025755444666,0.7235703806626547
14849,22,24,5485.28,4320,138,228.5533333333333,4.031975484289674,-0.9567733173104809
14850,312,1,317.25,292,20,317.25,-0.6913273533199304,1.7408443232791269
14851,23,2,416.55,291,25,208.275,0.12263186579497942,0.06423507095428817
14852,58,6,2107.06,1200,83,351.1766666666667,2.2315437952904364,0.5374914002276281
14853,24,2,88.5,46,5,44.25,-2.3528066604335875,-1.5083407108580265
14854,78,7,1720.48,1399,97,245.78285714285715,2.139025682355601,0.28528418393088073
14855,135,1,91.85,63,7,91.85,-2.4230432480803588,0.13006714660159868
14856,36,3,919.94,596,56,306.6466666666667,1.2285973061833666,0.5136338091793674
14857,60,2,931.1700000000001,439,47,465.58500000000004,0.9482060389911957,1.2369664271581322
14859,13,4,807.34,429,39,201.835,1.089384515309514,-0.45786727839527636
14860,19,1,108.88,136,9,108.88,-1.5040730780713971,-0.45591542517411116
14861,52,1,43.769999999999996,31,3,43.769999999999996,-3.323478953319274,-1.0095794650405714
14862,26,2,727.62,510,39,363.81,0.9130309602220859,0.6740801181198572
14863,29,1,202.07999999999998,120,10,202.07999999999998,-1.1131739033888597,0.24927627256945603
14865,7,2,43.08,60,3,21.54,-2.7273241232055794,-2.6138593905250223
14866,141,1,62.72,21,21,62.72,-2.713446797869152,-0.15471268226594392
14867,186,3,477.22,282,25,159.07333333333335,-0.22988477260426202,0.5016165932116092
14868,3,8,2306.14,1214,90,288.2675,2.9569326797806275,-0.9214042053286922
14869,9,2,603.27,468,57,301.635,1.1001009268194801,0.1244440467704339
14870,262,1,196.75,97,11,196.75,-1.6516259922196617,1.1300122113665707
14871,3,4,522.38,185,68,130.595,0.9344004619978591,-1.3631754282193842
14873,210,1,346.93,151,20,346.93,-0.7724320349574446,1.6103691963611158
14875,108,2,612.95,299,33,306.475,0.2133581197078216,1.0599428173343866
14878,13,9,1025.24,620,56,113.91555555555556,1.624454766128786,-1.3585991065192695
14880,77,3,540.69,355,35,180.23000000000002,0.27377746613559234,0.2887444867271939
14881,20,1,221.2,208,15,221.2,-0.6154283757645203,0.24885450606711096
14882,27,2,107.4,44,3,53.7,-2.4046834238375108,-1.3363932969046608
14883,19,6,687.1899999999999,682,37,114.53166666666665,1.0612941284311666,-0.9970375757038679
14885,132,1,40.8,48,2,40.8,-3.539985640358371,-0.6829110286443612
14886,253,1,325.0,156,17,325.0,-0.9146084165563836,1.6191275387241524
14888,207,1,328.7,178,19,328.7,-0.7721294962864519,1.5636532652853814
14889,336,1,135.9,90,10,135.9,-2.0590556849551502,0.900868959360198
14890,254,1,125.65,51,7,125.65,-2.390156867571026,0.6500294231193326
14891,148,2,468.1,277,25,234.05,-0.20315495527250102,0.9270819091520484
14893,10,2,1044.63,641,61,522.315,1.6540489540172418,0.6677675972238761
14894,85,1,351.8,164,18,351.8,-0.5750326171857332,1.242462912831535
14895,8,17,6693.09,3641,214,393.71117647058827,4.458061334194977,-0.6262030605948782
14896,205,2,418.82000000000005,266,41,209.41000000000003,-0.18468593610168704,1.0085717285151892
14897,8,4,632.08,388,29,158.02,0.8414778583109846,-0.8882587271636827
14898,23,6,821.12,462,76,136.85333333333332,1.3033270052752055,-0.7262482909660329
14901,11,8,933.31,564,64,116.66375,1.5892591014531523,-1.3257199194712506
14902,26,1,299.66,214,18,299.66,-0.3518394159846871,0.63521809246087
14903,21,5,2356.73,1441,204,471.346,2.9449877890139184,0.5778837442889336
14904,2,2,495.92,775,47,247.96,1.3160772831624066,-0.5346869419288055
14905,158,2,181.75,127,9,90.875,-1.626841095657953,-0.0033690747786983125
14907,3,7,2606.51,1410,104,372.35857142857145,3.151649886944046,-0.5971479664271966
14908,74,1,95.7,62,5,95.7,-2.3812930045143825,-0.11182745054241162
14910,3,4,374.65,232,22,93.6625,0.31459750656082197,-1.7379414151005999
14911,1,188,70409.91,45058,1511,374.52079787234044,8.722784203004872,-2.5485685015682016
14912,17,2,278.77,203,14,139.385,-0.48142143429375667,-0.4786491925427906
14913,36,4,903.32,1020,66,225.83,1.4854248444372262,0.15129237045393562
14915,91,2,158.98000000000002,90,9,79.49000000000001,-1.735885215778798,-0.3700514774325372
14916,71,4,1068.51,855,62,267.1275,1.383668182563805,0.5585424385008735
14918,116,2,500.39000000000004,383,22,250.19500000000002,-0.029337058410250104,0.8932550931284503
14920,213,2,780.25,409,46,390.125,0.4992781350280728,1.6026704812583954
14921,30,2,1205.73,835,74,602.865,1.7125103656143785,1.2614693181960188
14923,51,1,582.8,336,36,582.8,0.46017282617970134,1.5789139439966302
14924,246,1,120.65,49,7,120.65,-2.4293202226649138,0.5990601278587264
14929,32,1,172.88,130,10,172.88,-1.2282412742005164,0.15929668932212435
14930,109,3,1513.51,1038,86,504.50333333333333,1.7539737061403735,1.4780377055082166
14931,5,4,567.6800000000001,358,24,141.92000000000002,0.7434452990319773,-1.1733384691213393
14932,366,1,140.43,61,7,140.43,-2.3186519205085983,0.9101131815055513
14934,82,2,1140.39,663,56,570.195,1.259194424875448,1.5849806036420027
14936,34,7,4793.05,3238,161,684.7214285714286,3.633563356372346,0.9354972927492681
14937,57,2,358.44000000000005,180,15,179.22000000000003,-0.557164595602046,0.22720846503175307
14944,30,12,2296.58,1464,73,191.38166666666666,2.5376365564574446,-0.6731103188963385
14946,14,1,100.9,22,3,100.9,-2.515074008437973,-0.8442074374308817
14947,72,2,225.9,154,12,112.95,-1.1107870675081686,-0.10501494048174415
14948,23,6,927.11,625,51,154.51833333333335,1.3514683958531553,-0.6382480067117506
14950,19,1,193.70000000000002,110,11,193.70000000000002,-1.0541968217941549,0.045229988363617975
14951,79,1,259.52,260,18,259.52,-0.6330292225790661,0.9782288716930397
14952,60,6,1301.22,886,59,216.87,1.5985240888812915,0.08219220255932652
14953,25,1,206.74,145,49,206.74,-0.3896884521959911,0.36280239090997424
14954,12,1,194.82,115,68,194.82,-0.2391911811859665,0.03605456664215504
14957,253,1,58.49,34,12,58.49,-2.937357829247259,0.010299328380161309
14958,147,3,213.88,105,27,71.29333333333334,-1.1371158666234376,-0.34571784373775327
14959,64,4,609.54,458,36,152.385,0.5235745218954724,-0.06093721395315956
14960,8,2,120.62,130,20,60.31,-1.0137875805355259,-1.4878270249870205
14961,11,9,4965.26,2798,168,551.6955555555555,3.8864344444641414,0.14398425006631443
14962,271,1,14.85,3,1,14.85,-5.5366191420636985,-1.4286087645928782
14963,10,5,999.09,707,137,199.818,2.0017579435631956,-0.5404553302545118
14964,247,1,81.75,45,10,81.75,-2.6383184602100287,0.28972617276472323
14965,96,1,464.55,352,77,464.55,0.459540626684734,1.7158498130478885
14966,15,1,176.2,151,34,176.2,-0.5374300076221834,-0.009675163832221173
14967,50,1,30.0,24,2,30.0,-3.810998206009503,-1.3885633335342054
14968,30,1,139.09,126,36,139.09,-0.9115189449660434,0.05636621533506804
14970,68,1,102.31,35,9,102.31,-2.30926414721969,-0.07803723580745588
14971,35,3,827.29,458,126,275.7633333333333,1.375932383649928,0.4677575486480414
14972,128,1,53.47,22,13,53.47,-2.98145201768855,-0.3707648876034194
14973,107,3,384.28,306,23,128.09333333333333,-0.2829036785386955,0.08219827556291527
14974,37,1,94.49000000000001,42,16,94.49000000000001,-1.964071606560385,-0.33526831446276706
14975,57,1,38.65,23,4,38.65,-3.4545491815880016,-1.0754415635804515
14976,57,6,575.0600000000001,211,39,95.84333333333335,0.28363126469255445,-0.7762475389610738
14978,72,5,1081.3700000000001,423,109,216.27400000000003,1.3727639570842847,0.2663247992868064
14981,246,1,102.12,97,8,102.12,-2.268913900057959,0.5101977289377251
14984,19,2,92.52,47,28,46.26,-1.6310791458051261,-1.4153891310481974
14985,198,2,268.08,211,76,134.04,-0.3701258888095694,0.6496104146235528
14988,212,1,260.29,126,37,260.29,-0.8292507901190986,1.4087784992026882
14995,39,2,204.68,100,50,102.34,-0.6649473812120078,-0.3423957173173857
14997,46,3,147.92000000000002,196,9,49.30666666666667,-1.3618079414479645,-1.1978451874936966
14998,170,2,356.87,263,66,178.435,-0.08740195033049857,0.8348403562940012
15000,48,1,443.42,180,73,443.42,0.30890165475618014,1.3407873306712996
15002,116,4,1308.45,697,89,327.1125,1.5061529699595233,0.957682170500634
15004,147,1,809.5500000000001,505,134,809.5500000000001,1.1565284041173642,2.450183180813125
15005,16,28,5630.26,3968,336,201.0807142857143,4.465527200507962,-1.2177192284092497
15006,51,1,456.69,297,117,456.69,0.6868830443745696,1.467447388545675
15007,159,1,146.96,68,11,146.96,-1.899880359151619,0.6464574532480943
15009,12,3,1116.63,621,142,372.21000000000004,1.9940210126814484,0.332196733418999
15010,36,1,263.19,179,17,263.19,-0.6094565687735779,0.6380298282930191
15012,54,2,361.19,225,106,180.595,0.3016082075119457,0.40361854174416467
15014,43,2,177.67,101,29,88.835,-1.0058760978656962,-0.47333229849551206
15016,173,1,100.24000000000001,68,14,100.24000000000001,-2.1296049571600504,0.3722270260493756
15017,34,1,115.63,62,19,115.63,-1.5839501980313637,-0.155553566027484
15018,39,3,275.36,173,21,91.78666666666668,-0.5685695960974053,-0.6666690846168254
15019,267,1,239.05,156,62,239.05,-0.6674702387474071,1.4923081235230435
15021,9,9,1537.17,801,271,170.79666666666668,2.7360569360258014,-0.9867198483029186
15022,12,3,790.32,499,91,263.44,1.4650022718987614,-0.023153389046677613
15023,3,11,4501.74,2362,297,409.2490909090909,4.238702981908339,-0.6564539975024345
15024,10,8,1320.98,830,90,165.1225,2.1571051208890766,-1.0052354149306086
15025,33,1,357.11,187,64,357.11,0.17975939193127605,0.9901235211939947
15026,80,3,343.75,211,54,114.58333333333333,-0.11015108539851842,-0.08127118567077586
15027,31,4,456.95,301,23,114.2375,0.12649680097267013,-0.6745819814883854
15028,8,4,352.94,292,31,88.235,0.3052603871906839,-1.4038021676436039
15030,268,1,20.4,24,1,20.4,-4.631285737615875,-1.0522999465612037
15031,4,4,468.34000000000003,289,67,117.08500000000001,0.9547533358968489,-1.3363654616853915
15032,256,2,315.25,165,15,157.625,-1.016021453913015,0.734116787606725
15033,5,10,2219.62,1572,301,221.962,3.4368188606004457,-0.9841161260427844
15034,16,8,2795.06,1680,263,349.3825,3.3360483036314994,-0.027658480455881543
15035,90,1,227.29000000000002,101,24,227.29000000000002,-0.9970127721857054,0.8815544798903295
15036,72,3,377.09999999999997,260,101,125.69999999999999,0.30824485568177945,0.026402389050132584
15038,59,6,403.29,184,86,67.215,0.2586976388612792,-1.003567278745498
15039,10,45,10789.72,6074,356,239.77155555555555,5.326246884598014,-1.5272110330165674
15041,170,1,151.9,101,64,151.9,-1.070408024313147,0.8862732258897005
15042,199,1,46.68,20,3,46.68,-3.7174315889660368,-0.42590879712485524
15044,19,17,4605.5,2005,185,270.9117647058824,3.7129787065564304,-0.6685600119891868
15045,152,1,60.06,42,4,60.06,-3.113368836217439,-0.2552268149787415
15046,9,15,1813.53,1191,116,120.902,2.7370573051201332,-1.6551618659383665
15047,270,1,329.7,174,21,329.7,-0.7977599562304021,1.684563833611883
15048,65,4,284.35,183,78,71.0875,-0.10830976460033363,-0.7008740411964192
15049,274,1,1.7,2,1,1.7,-7.045801203192518,-2.9831031332053963
15050,25,3,812.17,556,52,270.7233333333333,1.1531265277281872,0.2464130250728184
15051,23,3,1092.53,761,120,364.1766666666667,1.849230997434614,0.5677663304430154
15052,319,1,135.88,80,26,135.88,-1.7306919444624604,0.9553502534697349
15053,5,3,523.43,398,45,174.47666666666666,0.9496837263485475,-0.7835738406149849
15054,12,2,277.95,195,103,138.975,0.3480240396059963,-0.4392270027949753
15057,275,2,113.4,84,4,56.7,-2.543478811551614,-0.26887074469800853
15058,25,11,1568.34,875,182,142.57636363636362,2.4398378103783767,-0.896611766862699
15059,41,9,1057.8700000000001,494,142,117.54111111111112,1.6942649055693455,-0.8001588646707783
15060,8,4,277.59000000000003,261,79,69.39750000000001,0.44265874169948627,-1.5320085739376927
15061,20,20,952.92,1065,31,47.646,1.5501374429356978,-2.4568851676624863
15062,71,4,834.38,543,43,208.595,0.8800601694497595,0.28101036855925887
15063,213,1,30.6,12,1,30.6,-4.509640216258692,-0.8516342587927288
15065,38,4,2040.3600000000001,1182,116,510.09000000000003,2.3948136570748506,0.9421394175549739
15066,53,1,549.79,265,30,549.79,0.24911749690273186,1.5120894171575405
15067,78,3,1175.2,678,69,391.73333333333335,1.3849723728449614,1.071553983182424
15068,46,2,453.45,307,88,226.725,0.5542379465731815,0.5378063675300016
15069,179,1,825.48,488,54,825.48,0.7572751370960602,2.4629995252896304
15071,94,2,274.22,118,14,137.11,-1.0544910170433996,0.16885151354297462
15073,10,3,814.45,443,29,271.48333333333335,1.0337789549877066,-0.17951617562673167
15074,105,1,748.87,455,41,748.87,0.6629446581803449,2.126744136436399
15075,78,1,347.62,214,18,347.62,-0.46981914103138334,1.2138083435606606
15076,173,1,720.9,538,43,720.9,0.6035283321340111,2.316567954427614
15078,7,31,6985.1,3776,83,225.32580645161292,4.242598170490179,-1.6346150148425764
15079,213,3,610.5600000000001,322,42,203.52,0.1843938922216356,0.8270682681696975
15081,22,5,378.70000000000005,178,19,75.74000000000001,-0.19660552419309596,-1.3393412869557848
15083,257,1,62.699999999999996,36,3,62.699999999999996,-3.3381694496852643,-0.03014384995991037
15087,282,1,220.06,134,13,220.06,-1.401462961977492,1.293013860348805
15088,21,2,785.9200000000001,422,41,392.96000000000004,0.9697956730112306,0.6474041523174847
15089,10,6,1867.01,1270,123,311.16833333333335,2.6803520952773563,-0.23107258504836453
15090,308,1,263.12,160,17,263.12,-1.1152107543615186,1.5197016420229634
15091,68,1,446.71,342,29,446.71,0.11036237121565878,1.4479968902452052
15092,215,2,279.61,115,16,139.805,-1.178308494598138,0.5398270497442239
15093,18,6,684.38,754,29,114.06333333333333,1.0110640561542874,-1.037604889406764
15095,104,4,677.94,342,20,169.485,0.17002281371599595,0.16005324605684995
15096,43,1,160.09,95,9,160.09,-1.5027643443127388,0.18412455618391202
15097,4,1,215.08,166,23,215.08,-0.2422360159749318,-0.35344671051809834
15099,84,1,238.70000000000002,113,18,238.70000000000002,-1.0128981410169007,0.8770455487030533
15101,9,2,79.45,25,4,39.725,-2.5238066155559533,-2.0396998677693925
15103,31,2,573.46,325,32,286.73,0.4474947938472487,0.4913438077560227
15104,197,2,571.49,548,44,285.745,0.35869571953815255,1.3149241769707616
15105,18,7,1489.59,941,82,212.79857142857142,2.1271115081201177,-0.47801945907034377
15106,18,5,1195.85,964,78,239.17,1.9131702632431198,-0.18759456434085256
15107,334,3,104.10000000000001,70,6,34.7,-2.579114553168578,-0.7738882679094475
15108,142,3,800.5500000000001,437,39,266.85,0.568346165637204,0.9061292949212785
15109,246,1,327.15000000000003,117,20,327.15000000000003,-0.9452082687405248,1.6088934481789163
15110,24,4,396.0,168,12,99.0,-0.38821723266982855,-0.9966968032641408
15111,29,3,1220.88,644,58,406.96000000000004,1.5402338788390812,0.6796862460812992
15113,10,2,647.97,446,43,323.985,1.0077167497538593,0.19744151392814555
15114,30,10,2559.56,2772,133,255.956,3.0701353590138547,-0.21146988818502868
15115,18,1,238.81,147,18,238.81,-0.5895288318486572,0.2668162003165919
15116,18,4,636.32,349,30,159.08,0.6578107017263883,-0.5732657086577225
15117,15,5,1146.73,843,59,229.346,1.7589570746055334,-0.33040059736893435
15119,246,1,162.8,82,10,162.8,-1.8822266562610772,0.9208161352192311
15120,134,1,204.79999999999998,234,15,204.79999999999998,-1.0413563646009356,0.9693467119368736
15121,50,2,399.07,195,25,199.535,-0.22103737923545963,0.31685956545097654
15122,114,3,1041.28,583,50,347.0933333333333,1.0255740666391044,1.0844104600154434
15123,7,2,1563.03,921,79,781.515,2.2760978226678295,0.9319621055057237
15124,23,2,126.5,134,10,63.25,-1.439333108478101,-1.0945720054980408
15125,113,6,395.03999999999996,397,15,65.83999999999999,-0.2978822023567861,-0.8605802784426078
15127,66,1,260.13,155,13,260.13,-0.9013076912877382,0.8438260578210821
15128,60,4,1257.94,991,64,314.485,1.6150481232396683,0.6432111504031579
15129,50,10,1124.57,696,41,112.457,1.346172118740906,-0.9132232034151305
15130,170,1,330.11,197,22,330.11,-0.6332829390622918,1.504952253125303
15132,18,5,791.69,507,47,158.33800000000002,1.1551478870520901,-0.6332587200092057
15133,128,3,288.26,190,16,96.08666666666666,-0.8584890293245984,-0.15466254175922903
15134,15,8,1065.25,617,41,133.15625,1.4882607222372557,-1.1259219339423334
15135,239,1,139.05,43,9,139.05,-2.2684991136311563,0.7220942380012344
15136,3,4,1189.5,728,59,297.375,2.0239981794695896,-0.5743818878095153
15139,240,2,169.84,160,12,84.92,-1.5829698498903653,0.15201670244222035
15140,52,7,1218.09,660,56,174.01285714285714,1.4644234004715226,-0.2807540258488807
15142,46,1,327.02,269,20,327.02,-0.2815739537750033,0.9674688343671377
15143,226,1,239.55,148,13,239.55,-1.2503929908530582,1.280613116362237
15144,8,16,2630.76,1724,100,164.4225,3.137870742284564,-1.4640343343137063
15145,4,4,814.73,667,44,203.6825,1.5291847427466345,-0.8415592539641426
15146,165,2,1164.52,1266,86,582.26,1.527592990054029,1.9752716387424714
15147,240,1,382.0,308,22,382.0,-0.4316043590140813,1.8044719785250696
15148,11,1,301.29,187,20,301.29,-0.1785074478604976,0.3007717349228109
15149,134,1,200.55,53,11,200.55,-1.706695059310318,0.8282656984166681
15150,17,10,4615.33,3372,251,461.533,3.9794587155665395,0.14425030223997082
15152,10,13,3629.53,2396,162,279.1946153846154,3.6314235920208318,-0.7238931324503589
15153,31,1,251.82,122,18,251.82,-0.7290394086329182,0.5191063061808324
15154,75,1,199.47,95,59,199.47,-0.7321231023407939,0.770835266597519
15156,1,3,714.99,567,47,238.33,1.5818847943478134,-0.9466478607932205
15157,4,3,1315.13,1557,101,438.3766666666667,2.530803615785161,0.1023452629780937
15158,45,1,69.36,72,3,69.36,-2.6349493539529143,-0.6216264474729207
15159,2,28,9004.79,6813,278,321.5996428571429,5.337447848633671,-1.5195896071106183
15160,357,1,51.96000000000001,48,3,51.96000000000001,-3.454314625382247,-0.03525488049661005
15163,18,2,209.47,140,26,104.735,-0.6170969689434537,-0.6719641106358082
15164,69,3,777.55,354,73,259.18333333333334,0.8718064725023786,0.6253316729710299
15165,373,1,362.70000000000005,147,20,362.70000000000005,-0.8724097781998125,1.8870103795350324
15167,321,1,138.6,64,37,138.6,-1.659547056117744,0.9926429641833012
15168,26,1,58.86,46,4,58.86,-2.7167337241045995,-0.9934011550336537
15172,9,5,1385.88,1163,93,277.17600000000004,2.308004444198812,-0.3001307290015284
15174,323,1,120.63,109,10,120.63,-2.0753323011471516,0.7938475085910918
15175,72,1,212.5,338,21,212.5,-0.6171121251423858,0.7974205840914017
15178,260,1,40.5,30,3,40.5,-3.7444208674454007,-0.4097573609213998
15179,18,3,1105.39,858,66,368.46333333333337,1.7165835784287078,0.432649117885256
15180,367,1,87.5,36,6,87.5,-2.931473028330427,0.4570805255361449
15181,175,1,54.599999999999994,132,6,54.599999999999994,-2.6738550892052317,-0.1728960384379767
15182,154,2,605.85,251,23,302.925,-0.07567048869976356,1.153407995737725
15184,29,2,288.01,212,53,144.005,-0.03932098593125943,-0.11395237717427836
15185,70,1,139.92,264,14,139.92,-1.1828528384238652,0.37236731305275045
15186,14,2,349.85,163,14,174.925,-0.341589753186495,-0.3728429787938961
15187,2,9,969.2,664,44,107.6888888888889,1.847917029126742,-2.0700953604980636
15189,4,28,1363.5600000000002,518,52,48.698571428571434,2.138010426684944,-3.2578702908476513
15192,120,3,539.4,480,30,179.79999999999998,0.2250407591293448,0.476312021155009
15193,61,1,195.35000000000002,61,9,195.35000000000002,-1.5797375552150825,0.4715043209319446
15194,3,15,3937.2200000000003,2870,175,262.48133333333334,4.0325348038461835,-1.2724207400137626
15197,11,3,412.11,371,26,137.37,0.3704995734355579,-0.7543631922743301
15198,92,2,193.64,120,10,96.82,-1.4417823856824163,-0.16823210274233066
15199,236,2,81.75,15,2,40.875,-3.5758596486252308,-0.7687032530194153
15201,87,5,1038.54,1090,34,207.708,1.1845458094624075,0.2643329510597257
15203,26,6,1757.4,1523,78,292.90000000000003,2.3211924278517726,0.06236121372276286
15204,357,1,51.3,34,3,51.3,-3.58635333987201,-0.06814284810070435
15205,85,2,425.25,325,30,212.625,-0.030342202461676095,0.640471802300744
15206,146,2,53.10000000000001,18,3,26.550000000000004,-3.6278568033624032,-1.295516775942323
15208,1,5,442.57,269,15,88.514,0.5209846561886434,-2.2224628601027523
15210,225,1,211.2,130,16,211.2,-1.3177993296527073,1.1793650643377946
15211,60,2,670.9100000000001,221,41,335.45500000000004,0.3872753629408254,0.8952275644122727
15212,241,1,62.0,32,4,62.0,-3.285106293384548,-0.053205211711083125
15213,319,2,328.35,272,22,164.175,-0.7061770623961966,0.9275881437057535
15214,2,8,1497.14,1122,100,187.1425,2.691670720569929,-1.411792047183427
15215,47,3,494.24,200,24,164.74666666666667,-0.04410954514739205,-0.06380460999945152
15216,88,1,33.0,20,1,33.0,-4.085364237880548,-1.124168534892236
15218,11,9,1445.1000000000001,788,57,160.5666666666667,2.022909074381907,-1.1092420597877986
15219,176,1,31.6,8,1,31.6,-4.576803656942745,-0.9280638949796887
15220,52,6,1515.45,1010,99,252.57500000000002,2.001712958433246,0.21167945570954572
15223,226,2,244.75,149,11,122.375,-1.3402144647831373,0.4298418554082709
15224,358,2,150.53,95,10,75.265,-2.019521373198035,0.16581214807746006
15225,234,1,344.70000000000005,218,19,344.70000000000005,-0.6881349473402031,1.6691970684953188
15226,311,1,128.91,69,7,128.91,-2.3063552935605154,0.7760784491653054
15227,37,5,851.22,504,33,170.244,0.920333784326408,-0.3127335208773549
15228,66,4,1973.59,1027,81,493.3975,2.056685584248396,1.0975617203597956
15230,241,1,310.8,327,21,310.8,-0.5916116220662306,1.6269600638466195
15232,113,2,358.06,406,22,179.03,-0.26677184025464734,0.5962247180099526
15234,277,1,187.88,148,13,187.88,-1.4864032903942943,1.1550773504205765
15235,218,12,2015.51,1298,120,167.95916666666668,2.1592824611361765,0.07103129675614564
15236,299,1,231.04999999999998,245,14,231.04999999999998,-1.1304346250074644,1.4053124447269103
15237,2,4,1252.38,1019,85,313.095,2.39373755389435,-0.5946420593770335
15238,29,3,663.83,511,44,221.27666666666667,0.8663506108113342,0.11073331434128982
15239,10,2,749.67,544,46,374.835,1.221313203680022,0.34307646212512627
15240,45,5,1115.7,620,50,223.14000000000001,1.3294918899900188,0.0530342325448175
15241,67,8,1297.09,1330,74,162.13625,1.8370941957643427,-0.24516883455620603
15243,74,1,316.68,185,22,316.68,-0.508186351345696,1.1195471280225944
15244,65,2,494.37,373,29,247.185,0.18331809999651938,0.666007682715695
15245,134,3,1261.26,778,45,420.42,1.2052863712090092,1.3271443615541112
15246,238,2,458.1,208,29,229.05,-0.37000140708881846,1.101065957633526
15247,122,1,45.199999999999996,40,2,45.199999999999996,-3.5082422969019555,-0.6401997637802352
15249,32,13,5675.26,3313,197,436.55846153846153,3.9397242074800327,0.16368411082837778
15252,36,2,740.78,522,44,370.39,0.9137274817375404,0.8341623960981392
15253,16,5,847.29,769,49,169.458,1.4003651108959667,-0.5901478229483985
15254,127,1,253.32,163,16,253.32,-0.9682342824679596,1.1134373173722436
15255,67,1,639.95,435,42,639.95,0.6290032057523164,1.8034417110837175
15256,149,1,98.45,55,6,98.45,-2.4920028455998087,0.20968019360155318
15257,283,1,40.2,36,2,40.2,-3.819607042854639,-0.3960131820247917
15258,169,2,386.76,118,23,193.38,-0.722695243385317,0.7540612708483806
15260,100,6,1307.0800000000002,730,51,217.8466666666667,1.3641173644363402,0.2713368369611363
15261,135,1,254.82,270,19,254.82,-0.7295518194893383,1.1919393987964357
15262,324,1,161.95000000000002,71,9,161.95000000000002,-2.036222801807812,1.0130732804986355
15263,107,1,139.51,87,11,139.51,-1.7664265981444534,0.45271654880912887
15264,64,1,393.74,265,23,393.74,-0.157889853921205,1.275942573921527
15265,151,2,995.4,518,57,497.7,0.936581079276265,1.7058692332068581
15266,338,1,47.7,10,3,47.7,-4.050939631445597,-0.2286454962961507
15270,118,4,452.65000000000003,195,13,113.16250000000001,-0.5413442307205544,-0.2110930812275858
15271,7,15,2113.82,1195,170,140.92133333333334,3.059946799943906,-1.580566730983781
15272,57,2,502.26000000000005,247,50,251.13000000000002,0.2874259926239629,0.648348629689177
15274,4,2,681.77,499,43,340.885,1.2613415155483325,-0.08144045566758515
15275,38,1,473.29,345,32,473.29,0.3223824818902078,1.2686324524980552
15276,66,1,102.06,60,45,102.06,-1.5025961932636187,0.08455453869101914
15277,47,1,117.78,97,8,117.78,-1.7979349905764446,-0.05308150001054587
15279,355,1,240.45,139,16,240.45,-1.2909360003772632,1.4864536363746306
15280,172,1,87.61999999999999,124,15,87.61999999999999,-1.9923698528212328,0.2987845519424588
15281,59,9,1861.0800000000002,984,99,206.7866666666667,2.1686017719879325,-0.15054310100788648
15287,22,2,253.29000000000002,197,14,126.64500000000001,-0.6214823451478091,-0.46072360871930595
15288,43,5,680.17,428,56,136.034,0.8587860657541144,-0.4077212490512293
15289,29,3,689.46,696,41,229.82000000000002,0.9806010389156059,0.15726241451799414
15290,5,18,2226.62,1276,48,123.7011111111111,2.7129471119765536,-2.0423552805963934
15291,26,10,957.0600000000001,474,33,95.706,1.1346938711804104,-1.3635786453852656
15292,201,1,114.24000000000001,50,19,114.24000000000001,-2.0542297183011193,0.5545964644367412
15296,51,6,2795.27,1365,118,465.87833333333333,2.6689476308846993,0.7709316308104033
15297,10,3,624.94,290,29,208.31333333333336,0.6711976478176831,-0.43668993550197993
15298,2,11,2598.82,1796,99,236.25636363636366,3.3308313251227153,-1.3735741487656945
15300,64,1,454.44,288,26,454.44,0.03267890610239338,1.41684347577486
15301,51,11,3025.48,1982,141,275.0436363636364,3.0020321247609525,-0.007459349878207979
15303,290,1,444.42,236,25,444.42,-0.4004828685606204,2.008980262175952
15304,61,4,203.00000000000003,60,6,50.75000000000001,-1.729442814260143,-1.3143548951147437
15306,64,3,854.02,563,47,284.67333333333335,0.9569373779344154,0.6654277534499945
15307,96,1,119.2,28,7,119.2,-2.431691691280776,0.1614672535677863
15308,274,1,218.25,119,14,218.25,-1.416823174033587,1.2725991994568577
15311,1,91,10872.33,6461,500,119.47615384615385,5.978467398371542,-3.279169822254116
15312,75,4,756.25,448,41,189.0625,0.7022947799843844,0.20162179617085685
15314,199,1,314.05,265,23,314.05,-0.5828342440113644,1.5505704504099318
15315,64,2,475.21999999999997,574,30,237.60999999999999,0.3246659777180935,0.6565193965451105
15318,4,1,237.5,522,29,237.5,0.33956329630487353,-0.17212974816412197
15319,284,1,145.0,169,13,145.0,-1.6480370371030362,0.9500083433684641
15320,44,1,189.03,85,34,189.03,-0.9153057244350289,0.4471884167727641
15321,71,3,1595.5400000000002,758,60,531.8466666666667,1.6325586765852766,1.2926515705999746
15322,86,1,566.1,338,37,566.1,0.3372248114128361,1.7721527231677578
15325,104,1,162.29,232,47,162.29,-0.7330245507401129,0.764786277125603
15326,334,1,311.71,386,29,311.71,-0.47639963556117715,1.805516670088782
15327,53,1,125.1,109,7,125.1,-1.7815812911507496,0.04484672777700925
15329,39,3,830.95,465,45,276.98333333333335,0.9553774144405839,0.421830665013467
15330,32,1,29.759999999999998,48,2,29.759999999999998,-3.4775653328867238,-1.533754604692928
15332,370,3,233.10000000000002,110,10,77.7,-1.6281261565016671,0.028956774047221554
15333,208,1,184.9,86,10,184.9,-1.7282605718491477,0.9640462617783074
15334,157,3,341.72,273,66,113.90666666666668,-0.08913460056960598,0.22872975315603516
15335,54,1,165.47,79,33,165.47,-1.102002433255581,0.4086332079346972
15339,66,2,528.71,348,73,264.355,0.5693231406504127,0.810371370887159
15342,130,1,391.14,282,23,391.14,-0.2942054376659337,1.5678412242262234
15343,87,1,153.70000000000002,62,11,153.70000000000002,-1.7666001833584544,0.4288196474514482
15344,32,2,187.79000000000002,81,12,93.89500000000001,-1.3131998938963945,-0.6385341026146254
15345,46,1,230.39000000000001,69,13,230.39000000000001,-1.2102309182122681,0.537727057953767
15346,333,1,252.42000000000002,144,17,252.42000000000002,-1.2030096484961157,1.5094697217738071
15347,366,1,81.60000000000001,34,4,81.60000000000001,-3.1403742209701955,0.3608317956320234
15348,72,1,158.04,84,9,158.04,-1.6680080756701448,0.3771322038665564
15349,158,2,367.36,275,58,183.68,-0.08335999920454397,0.8204599283564571
15350,373,1,115.65,51,5,115.65,-2.654385894287749,0.7120260343881302
15351,12,7,1517.55,659,145,216.79285714285714,2.32189114331409,-0.5913594641514346
15353,255,2,504.77000000000004,300,52,252.38500000000002,0.05171094970201314,1.2909417589511378
15355,29,2,189.3,34,7,94.65,-1.789288352179875,-0.7725281088309643
15356,31,10,2728.95,1640,212,272.895,3.1089510464166694,-0.1335564446776324
15358,5,22,7154.06,5857,274,325.18454545454546,4.907194075628166,-1.073822759700819
15360,40,1,192.58,118,8,192.58,-1.3059439257415262,0.3186140771965269
15361,362,1,100.2,84,4,100.2,-2.6550635300388046,0.5909303820627195
15363,373,1,270.5,118,14,270.5,-1.317872722556224,1.5868924249861418
15364,96,2,412.07,349,24,206.035,-0.14188773136613173,0.6481644976952764
15365,26,7,1717.32,966,57,245.33142857142857,2.0286116858563785,-0.23927150762626828
15366,75,2,529.94,532,32,264.97,0.37399927251917997,0.817393821898109
15367,57,4,1427.0,864,78,356.75,1.7541773365875009,0.7407940622110679
15370,71,5,1302.3,691,57,260.46,1.4443068156060184,0.3938871103043779
15373,8,9,1104.51,339,60,122.72333333333333,1.5885408005296882,-1.5123997469056452
15374,129,1,25.200000000000003,12,1,25.200000000000003,-4.5489055110048024,-1.2235421224626213
15376,40,3,1092.81,606,95,364.27,1.5569341851122127,0.7558673705312551
15379,169,7,2843.79,1785,128,406.2557142857143,2.5669059146674242,1.0839704838324866
15380,9,4,208.54000000000002,94,11,52.135000000000005,-0.9320932386426635,-1.9764452015517284
15381,268,1,103.50000000000001,42,4,103.50000000000001,-2.8112621308800967,0.4487960461312778
15382,15,6,4354.02,3121,167,725.6700000000001,3.71596802431704,0.7483916371877573
15384,170,2,513.31,538,30,256.655,0.15015931340493133,1.1243763383515402
15385,40,1,142.46,111,10,142.46,-1.4850432393933857,0.07264162622462311
15386,186,1,370.74,410,30,370.74,-0.17667989954895588,1.7187384802809496
15388,270,1,140.54,88,10,140.54,-1.9929501073970208,0.8371091414492985
15392,5,4,1030.33,913,63,257.5825,1.929491800857076,-0.5083069659014496
15393,16,2,191.3,126,9,95.65,-1.0995560110110767,-0.8964092128875847
15394,10,4,1457.69,693,46,364.4225,1.8475352941994838,-0.0001629943407939515
15395,326,1,74.55,13,5,74.55,-3.445318622334292,0.19203697895407185
15396,113,1,153.28,100,11,153.28,-1.654196951242561,0.5657280754282551
15397,290,1,94.0,20,6,94.0,-3.029415061629708,0.3834175899266995
15398,16,2,1283.63,763,57,641.815,1.7581380253909626,1.034278331473004
15399,1,3,719.0500000000001,467,42,239.68333333333337,1.472058436712003,-0.9646642590897907
15400,128,2,50.2,44,3,25.1,-3.329576411491601,-1.3410552825541244
15402,149,2,396.81,202,29,198.405,-0.3919004746086255,0.7795692799867959
15405,189,1,25.94,53,3,25.94,-3.8158053013030506,-0.8825527367252086
15406,31,2,331.79,187,41,165.895,-0.08777819049630041,0.0038401159451498385
15407,34,4,594.94,482,128,148.735,1.158427098290013,-0.2212358401582664
15408,264,1,121.98,92,24,121.98,-1.7548830768183015,0.7849810568412429
15410,84,8,1829.41,849,38,228.67625,1.6353876976196478,0.05574741615389403
15411,26,4,972.7,450,68,243.175,1.328204292164368,0.03281803456053073
15412,171,1,49.79,23,7,49.79,-3.308443056979611,-0.36062304708581117
15414,10,3,513.69,281,29,171.23000000000002,0.5050255792961701,-0.60849370427839
15415,313,1,478.29,441,41,478.29,0.05902780094300957,2.190140696464797
15416,65,4,2742.6800000000003,1716,143,685.6700000000001,2.731954436885672,1.4632983633085548
15417,85,1,508.8,284,28,508.8,0.08421673495646904,1.6380254384638273
15419,25,1,84.74,94,6,84.74,-2.0337248275648347,-0.6191192858687701
15421,59,4,856.94,442,37,214.235,0.8078806852057057,0.2006316402015169
15422,323,2,97.7,38,6,48.85,-2.8430691267462644,-0.34850272111200753
15423,38,1,7.5,1,1,7.5,-5.8562851011943176,-2.8298436288017004
15424,254,2,259.14,206,14,129.57,-1.1145152364296251,0.569798173055255
15426,19,5,1068.03,607,205,213.606,2.0285577704847064,-0.2046973211798812
15427,33,3,1306.95,915,223,435.65000000000003,2.227936648831184,0.9388331354426622
15428,15,1,75.06,54,5,75.06,-2.2822917145807455,-0.9768741537810371
15429,27,2,321.68,292,72,160.84,0.2993426879641025,0.001751591120893843
15432,23,1,171.19000000000003,65,10,171.19000000000003,-1.4149771190212639,-0.027390514987263068
15433,214,2,533.3,534,40,266.65,0.23936465973020754,1.279067116380521
15434,8,5,833.86,466,35,166.772,1.214164863084275,-0.9337735035745409
15435,22,1,109.94,50,25,109.94,-1.5032592292371252,-0.36426613914093026
15436,12,3,965.93,595,231,321.97666666666663,2.0575448310631734,0.24879271739698303
15437,262,1,183.71,77,42,183.71,-1.2777009056310693,1.17498523562155
15438,131,1,137.13,57,23,137.13,-1.6978026043059462,0.5594559721200469
15440,55,3,307.18,188,49,102.39333333333333,-0.19766416105030793,-0.34934994241987405
15443,2,7,2650.2,1495,208,378.59999999999997,3.5245713805332897,-0.6351049921452792
15444,9,2,1260.86,747,178,630.43,2.3035981015580043,0.9003298877760465
15445,264,1,68.1,54,3,68.1,-3.1357072254855236,0.07777444095744616
15447,331,1,129.67000000000002,83,8,129.67000000000002,-2.2020449633017796,0.8300967050147664
15448,313,1,405.04,224,24,405.04,-0.5250480635986381,1.9532345864183187
15449,26,3,903.26,714,46,301.08666666666664,1.271418723644807,0.35951200258145444
15450,30,1,388.94,372,28,388.94,0.1930783981414359,0.9948660411218031
15452,30,3,503.08000000000004,280,44,167.69333333333336,0.42251680770522065,-0.1548346188173356
15453,2,7,1176.72,822,158,168.10285714285715,2.5564995343705124,-1.4035865972094075
15454,362,1,157.2,84,22,157.2,-1.6903045381306638,1.1223149189001431
15456,283,3,368.8,406,45,122.93333333333334,-0.16445519527515765,0.5309417543469275
15457,262,1,217.17,130,55,217.17,-0.8519106275293487,1.3784156516995305
15458,25,1,103.32,84,5,103.32,-1.9803699121018172,-0.4700884076531068
15460,354,1,169.66,104,48,169.66,-1.245966435514488,1.2634217382194755
15462,94,3,144.6,100,7,48.199999999999996,-1.8654976503846712,-0.9868778271342955
15463,29,1,119.30000000000001,70,6,119.30000000000001,-1.9024112218264368,-0.28345203313585193
15464,338,1,717.45,327,133,717.45,0.7190586740331886,2.66342704315377
15465,20,17,577.19,185,16,33.95235294117647,0.24711738365477035,-2.813998549874712
15466,85,1,324.58,245,55,324.58,-0.06110739174432645,1.2996615246328076
15467,9,3,453.13,285,40,151.04333333333332,0.5570671257453043,-0.7268466428033118
15468,51,1,377.91,145,19,377.91,-0.4320884121926782,1.0906255953220143
15469,50,2,282.1,132,16,141.05,-0.8054053020391313,-0.04831166754783524
15471,2,1,371.13,232,64,371.13,0.8200280381120019,0.02045599188556287
15472,113,1,335.15999999999997,247,72,335.15999999999997,0.011514072450873188,1.470871563526784
15475,77,1,406.31,315,28,406.31,-0.034755916935858035,1.4085368718201075
15478,40,2,417.71000000000004,159,21,208.85500000000002,-0.2776817658862976,0.23610286512348952
15480,116,1,539.65,264,36,539.65,0.13441995629274783,1.8361309148119256
15482,26,5,216.16000000000003,116,6,43.232000000000006,-1.2457484328422397,-1.8780661541667774
15483,161,4,201.31,174,71,50.3275,-0.6311516428564276,-0.6325164125465024
15484,1,4,1801.9,1485,114,450.475,3.0231929749721,-0.39698121976110956
15485,30,3,788.76,801,40,262.92,1.1210126523462742,0.2945607195795389
15489,23,3,650.39,399,38,216.79666666666665,0.7522330567262554,-0.029968511624221143
15491,95,6,1825.55,1224,84,304.2583333333333,2.023366721901327,0.6193865242768186
15492,28,2,465.14,397,26,232.57,0.29577684072921656,0.26287115493005503
15493,33,5,1225.2,478,141,245.04000000000002,1.7853312025942814,0.08626422626495422
15494,21,2,948.9300000000001,802,103,474.46500000000003,1.7143757062051015,0.9376462194437347
15497,18,2,90.0,72,3,45.0,-2.282071523436384,-1.6181244558079908
15498,3,24,6518.02,4113,304,271.5841666666667,4.848345258365098,-1.4698137466256158
15500,8,4,837.13,467,52,209.2825,1.3581796506750552,-0.5797590651540886
15502,16,9,2570.62,1719,116,285.6244444444444,2.9653829022996705,-0.34780440939207075
15503,363,1,128.64000000000001,72,64,128.64000000000001,-1.4880962349247968,1.037324998830408
15504,81,1,52.83,33,13,52.83,-2.749694236713002,-0.5453470489823167
15505,53,4,731.98,716,53,182.995,1.0218561473817207,0.08425014029254375
15506,23,3,745.39,661,111,248.46333333333334,1.4649826469785732,0.21966510983706622
15507,172,1,296.76,140,33,296.76,-0.6867161385245869,1.4317806563643332
15508,189,6,726.13,342,70,121.02166666666666,0.6116808569251704,0.007152265414477473
15511,12,5,539.63,234,98,107.926,0.946014282588101,-1.1061329959227564
15512,156,2,121.0,68,7,60.5,-2.256689532363138,-0.4193855552904799
15513,33,15,3100.2200000000003,2054,112,206.68133333333336,3.07599602598781,-0.6462506452110366
15514,12,10,1882.64,972,89,188.264,2.4784505585147705,-0.9473220787707324
15516,45,3,53.93,26,14,17.976666666666667,-2.697069696376216,-2.1487917760922914
15517,233,1,246.72,256,25,246.72,-0.7881969172284374,1.4123372983363642
15518,64,7,1721.78,1111,123,245.96857142857144,2.1929656654687277,0.21116321626090329
15520,2,1,320.70000000000005,194,17,320.70000000000005,0.12613626307034706,-0.23787136812786117
15521,40,7,1787.96,1492,103,255.42285714285714,2.3602746754612576,0.05361492278298414
15522,33,2,327.5,450,47,163.75,0.25965405847140194,0.08760079531155557
15523,84,1,88.51,31,7,88.51,-2.60061999093283,-0.14399080744374051
15525,2,3,636.12,398,123,212.04,1.652398821600023,-0.8124597294469373
15526,33,1,9.14,10,2,9.14,-4.905521058967953,-2.5845725191331295
15527,19,8,1123.28,690,108,140.41,1.9034241807001513,-0.8901896208600558
15528,254,1,112.87,57,22,112.87,-2.012148896061731,0.6632599763873014
15529,23,11,3539.06,3101,408,321.7327272727273,3.8812181014259304,-0.06729822101159494
15530,22,4,1023.46,662,74,255.865,1.5767369157305733,0.042700058399009574
15531,8,2,1631.75,1019,179,815.875,2.645562629687119,1.1010709982390718
15532,25,4,1107.59,441,178,276.8975,1.8133344990221738,0.21736762495820394
15533,19,3,504.42,219,59,168.14000000000001,0.5469754757037582,-0.32524310822804564
15535,173,4,285.3,117,38,71.325,-0.7618340901293141,-0.3868451057182319
15537,163,1,86.02,27,22,86.02,-2.3927771350013853,0.19674527356541158
15539,7,1,417.26,338,39,417.26,0.6394588091509197,0.5121991196767379
15540,11,1,185.22,128,14,185.22,-0.8337050114366805,-0.17687062185606797
15541,114,1,85.13000000000001,49,29,85.13000000000001,-2.006397705023649,0.1017913148213764
15543,288,1,117.91,85,25,117.91,-1.813245840667273,0.7905679103981602
15544,9,9,3479.21,3007,121,386.5788888888889,3.54063630276544,-0.26703946448559673
15545,54,2,233.12,156,72,116.56,-0.32873412676027475,-0.0344227021645417
15547,7,13,3813.07,3152,406,293.31307692307695,4.205930151740279,-0.7111162423561237
15549,77,3,1155.35,599,90,385.1166666666666,1.4344089030370948,1.067863176597825
15550,4,4,434.78000000000003,278,39,108.69500000000001,0.6697647398720444,-1.4526425975472976
15551,37,1,230.31,141,19,230.31,-0.7644938693316023,0.5278930193300321
15552,217,1,90.12,60,17,90.12,-2.234199543720393,0.3840078296409539
15553,60,1,390.93,446,48,390.93,0.32439844734216894,1.3437040943513057
15554,278,1,130.4,64,9,130.4,-2.2104083132231134,0.7551771608960911
15555,12,16,3929.0,4059,384,245.5625,4.220418712961435,-0.781584859624898
15556,24,1,201.37,193,28,201.37,-0.5167088501499696,0.2912478393484036
15557,29,1,241.40000000000003,113,12,241.40000000000003,-0.9277033145588965,0.4150206541963362
15561,12,4,303.99,177,19,75.9975,-0.26167080649534175,-1.4546662598911535
15563,22,3,977.73,1011,77,325.91,1.6979976322742416,0.4310914588867673
15565,50,2,123.66000000000001,54,5,61.830000000000005,-2.1907211099181505,-0.9135173927576671
15567,19,1,59.7,30,3,59.7,-2.8802623725727066,-1.1550298035493243
15568,3,3,624.79,435,26,208.26333333333332,0.9972238241975027,-0.8441461349014244
15569,132,2,59.160000000000004,53,19,29.580000000000002,-2.4993532122496753,-1.0279203064360487
15570,7,12,3096.6800000000003,1710,186,258.0566666666667,3.498046054518742,-0.8847947723221615
15571,12,4,326.0,172,43,81.5,0.09849540452122386,-1.3227429966697244
15572,5,7,1578.47,1065,147,225.49571428571429,2.701840114317378,-0.8485958523610299
15573,32,2,430.56,244,79,215.28,0.46511302592102227,0.31985969713085166
15574,178,4,465.26,257,120,116.315,0.35377300804829126,0.20312428714352476
15576,38,1,460.63,261,33,460.63,0.21197590681738843,1.229714586283535
15577,151,3,209.53,84,34,69.84333333333333,-1.1498992684383387,-0.34576161465681926
15578,162,1,79.55,43,11,79.55,-2.5490160485801545,0.09567861114134432
15579,69,2,214.1,104,35,107.05,-0.8774818860012404,-0.09914919415572751
15581,156,10,557.73,246,124,55.773,0.6081799054124248,-1.0111037208672446
15582,25,3,663.01,451,38,221.00333333333333,0.7942258823882584,0.028199863607728852
15584,24,4,571.71,267,80,142.9275,0.800729445682235,-0.4785887071867806
15585,177,1,399.8,294,29,399.8,-0.23969800885344125,1.7388560208220152
15587,50,2,61.2,24,1,30.6,-3.464143835567765,-1.666330609180216
15589,256,3,413.73,237,24,137.91,-0.4907012818646352,0.4964006225858776
15592,47,1,314.65999999999997,258,22,314.65999999999997,-0.29530468794610387,0.9486464009483377
15593,71,1,45.0,36,3,45.0,-3.316451295374117,-0.8481556963259274
15594,16,5,1608.9,917,77,321.78000000000003,2.1488867879837907,0.018688660189773013
15596,101,5,1029.94,482,45,205.988,0.9593119463515021,0.2913001529159125
15597,35,1,324.57,279,22,324.57,-0.1794839327611086,0.8601152655266907
15598,53,1,223.68,158,13,223.68,-0.9662512597631131,0.623862049500653
15599,27,2,653.69,661,45,326.845,0.97023972274103,0.6262959783537282
15601,11,14,5014.77,3673,181,358.1978571428572,4.076854362538282,-0.4795895119078894
15602,8,6,395.90000000000003,314,19,65.98333333333333,0.26459842061146416,-1.916840807019639
15604,52,1,216.39000000000001,159,17,216.39000000000001,-0.8854319350238256,0.6112162229132478
15605,36,5,894.13,389,48,178.826,1.0175011920405794,-0.26406472069520376
15606,61,9,879.28,354,32,97.69777777777777,0.7556803400420908,-0.9552448434105495
15607,337,1,87.76,200,12,87.76,-2.0486086497966522,0.5923719224976292
15608,60,3,800.16,520,48,266.71999999999997,0.8988392246732937,0.5790683751475687
15609,184,1,268.78000000000003,146,14,268.78000000000003,-1.0919886749610352,1.3002633980790945
15610,52,1,112.46000000000001,66,6,112.46000000000001,-2.094535921689007,-0.09976128740108081
15611,10,10,480.39000000000004,167,16,48.039,0.1353044525350325,-2.464021196873063
15612,36,2,90.9,36,3,45.45,-2.666953986305173,-1.3748035018158464
15615,10,22,5610.32,3828,152,255.01454545454544,4.1931723831182826,-1.1132950763163418
15618,33,4,739.951,450,37,184.98775,0.8228996495876076,-0.16329704827017913
15620,57,3,1207.95,852,75,402.65000000000003,1.590125772503708,0.9885432370665901
15621,4,2,61.85,71,7,30.925,-2.0083994182140947,-2.431770218504979
15622,43,9,2716.29,1432,136,301.81,2.7975070687032737,0.10124630473129044
15623,141,1,229.43,117,15,229.43,-1.21286009048697,1.043911829336215
15624,117,4,511.50000000000006,240,21,127.87500000000001,-0.18725835731965323,-0.053353478882889355
15625,104,4,1003.62,732,38,250.905,1.0032443401287274,0.6073445121939991
15626,75,2,562.5600000000001,534,43,281.28000000000003,0.5376956039552405,0.8963196568606854
15628,5,9,2544.7400000000002,1664,79,282.7488888888889,3.021644395423092,-0.8305384347602859
15630,45,2,833.75,716,49,416.875,1.1161761574046511,1.0584667596634925
15632,16,8,1994.95,1493,89,249.36875,2.595868766737411,-0.42846565593506025
15634,17,1,227.65,97,14,227.65,-0.8596492393436017,0.15368341310851638
15636,90,2,363.46000000000004,198,15,181.73000000000002,-0.6104807921362688,0.43414148486822957
15637,53,1,223.36,128,15,223.36,-0.9898147776224299,0.6214424365952418
15639,134,1,178.02,297,17,178.02,-1.018485442441086,0.8745409766238563
15640,4,14,6747.13,4277,204,481.9378571428571,4.606347167583662,-0.5676488581231739
15641,105,4,1567.1200000000001,1218,91,391.78000000000003,1.8816008998262959,1.1113661629400997
15643,192,3,286.45,193,19,95.48333333333333,-0.8810227685138068,0.024897012484259413
15644,166,4,741.55,548,164,185.3875,1.1348815967719992,0.6554191829486569
15645,19,1,434.11,206,45,434.11,0.34690628678264634,0.9112932252308553
15646,158,3,364.57000000000005,305,29,121.52333333333335,-0.3210224661838842,0.2193948960293919
15648,204,2,435.65000000000003,157,17,217.82500000000002,-0.6820173703916003,0.9272374986405507
15651,37,3,384.66,315,23,128.22,-0.04275964405600811,-0.35267222157730527
15652,91,1,243.29,191,16,243.29,-0.8705518997341244,0.9503600527473697
15653,116,1,48.0,48,4,48.0,-3.1815309220336894,-0.5505760467476499
15654,9,2,257.01,127,11,128.505,-0.6751063809413463,-0.8464150962685251
15655,243,1,465.57,314,29,465.57,-0.16460721622351399,2.007503470453076
15656,45,4,569.4,324,35,142.35,0.40934641969336727,-0.289801331126653
15657,23,1,30.0,24,1,30.0,-3.8081111905362923,-1.7422389452096216
15658,190,4,583.85,199,25,145.9625,-0.18925771213184112,0.2661843474467733
15659,44,1,77.85,51,4,77.85,-2.573657298866504,-0.5329962733797262
15660,25,8,1248.44,884,48,156.055,1.6991178269564482,-0.7474503898325066
15661,317,1,19.8,36,3,19.8,-4.270800556335198,-0.9165758656505846
15663,106,1,124.1,70,8,124.1,-2.0494662565749358,0.30682690805377233
15664,51,1,230.31,103,13,230.31,-1.0889905190966347,0.6056354361386742
15665,168,2,1835.8500000000001,1214,78,917.9250000000001,1.8301506944522685,2.366646864980768
15667,40,1,136.56,180,9,136.56,-1.3822779647786814,0.0585365215387783
15669,40,4,397.40000000000003,230,26,99.35000000000001,-0.08790429934732517,-0.6977033172147122
15670,297,1,157.15,89,11,157.15,-1.8869621373950556,0.9823243361477688
15671,26,6,1001.3100000000001,745,46,166.88500000000002,1.4096186794603442,-0.520278084491882
15673,88,4,2080.69,1277,97,520.1725,2.186621404254951,1.2932946745474487
15674,73,4,1654.41,938,76,413.6025,1.8372900359267885,0.9741968243866325
15675,81,3,216.16000000000003,124,12,72.05333333333334,-1.2466503428552285,-0.6449151514114058
15676,19,3,2618.02,1795,163,872.6733333333333,3.0135997195536817,1.3350178942783184
15677,49,1,496.78,280,28,496.78,0.17901542026157963,1.3891311530135102
15678,53,1,165.5,94,8,165.5,-1.5674340996660758,0.28814186504767486
15679,24,4,690.98,864,90,172.745,1.4220588550775193,-0.22727155759382178
15680,9,3,1108.39,757,57,369.46333333333337,1.7562443906843663,0.1444509178823857
15681,25,5,894.46,654,24,178.892,1.013925120433716,-0.44057268180997133
15683,117,1,152.95,83,9,152.95,-1.8033022936487486,0.5492413585364234
15687,9,9,2265.03,1167,100,251.67000000000002,2.7822835577803966,-0.7188867271044805
15689,120,2,118.2,62,6,59.1,-2.3043932558371756,-0.5669738132884298
15690,4,2,154.68,252,15,77.34,-0.560077997866452,-1.5030600374093226
15692,28,1,191.04,138,12,191.04,-1.0328479355575388,0.21109386331400995
15694,8,9,481.0,228,22,53.44444444444444,0.4007952282696535,-2.344369191360314
15695,267,2,357.81,161,20,178.905,-0.8253327768736027,0.8850705906850895
15696,33,8,2213.71,977,122,276.71375,2.497514275250335,-0.04632465036440948
15699,18,1,201.0,104,13,201.0,-0.9722633754627393,0.06654678846776453
15700,172,2,551.43,298,78,275.715,0.36476652644926966,1.240283271175396
15701,2,4,1188.8,818,173,297.2,2.5549407722417814,-0.5883360271238578
15703,265,1,104.4,48,4,104.4,-2.7546091920398816,0.460091084008857
15704,140,4,1087.1100000000001,739,62,271.77750000000003,1.1971974094520004,0.8455720642463881
15705,201,1,19.5,6,1,19.5,-5.064510482159868,-1.2928321558079403
15706,65,3,657.76,276,37,219.25333333333333,0.395733772984519,0.37718051849335515
15707,35,4,777.36,545,117,194.34,1.3721873214373574,0.021710679245685486
15708,41,7,2444.67,1027,105,349.23857142857145,2.4745832896969975,0.3125202854096516
15709,284,1,69.65,37,4,69.65,-3.1789423585266574,0.1242637163373159
15712,9,4,743.3000000000001,352,33,185.82500000000002,0.9611943421490838,-0.6984792160922978
15713,143,2,213.5,124,13,106.75,-1.3524734009132762,0.12376952514945003
15714,12,2,213.78,159,28,106.89,-0.44344662532073276,-0.7984531926398042
15716,146,4,842.34,453,95,210.585,0.9777729788773496,0.649349249289066
15717,234,1,150.3,70,7,150.3,-2.118334627786111,0.7909157324565356
15719,33,13,4608.16,2657,284,354.4738461538461,3.834104989191606,0.014975229421190062
15720,24,1,423.03000000000003,234,118,423.03000000000003,0.7040215341042813,1.0794217801009847
15721,12,1,423.78000000000003,284,77,423.78000000000003,0.7496498270861611,0.7801287448160379
15722,36,4,770.61,362,32,192.6525,0.7011971158755086,-0.12007250199571476
15723,365,1,149.4,81,35,149.4,-1.565897352134099,1.1212741814909932
15724,201,2,218.25,73,11,109.125,-1.661261611911841,0.23590543870809424
15725,15,1,382.25,217,31,382.25,0.1687879779070798,0.6768349427426446
15727,17,7,3655.41,2295,189,522.2014285714286,3.5037292724659306,0.413890310562191
15729,213,1,85.0,28,5,85.0,-2.9854953709909555,0.17471438347660553
15730,66,3,943.9100000000001,622,60,314.6366666666667,1.1614409363423401,0.7938335213937697
15732,212,2,202.20000000000002,127,11,101.10000000000001,-1.5341179028803418,0.22803388251627593
15733,283,1,112.4,56,7,112.4,-2.468000926312214,0.6049807419077458
15734,115,2,222.6,127,13,111.3,-1.263644671531373,0.07073959266184596
15737,23,6,907.25,489,49,151.20833333333334,1.229792300541317,-0.6766400581722606
15738,19,16,1966.13,1465,42,122.883125,2.3322519404363566,-1.4716937999306756
15739,66,1,77.6,16,3,77.6,-3.1584194345507157,-0.46287062914633803
15740,49,1,126.80000000000001,80,8,126.80000000000001,-1.8180226483771125,0.01527639001628126
15743,16,4,566.3100000000001,191,47,141.57750000000001,0.5473099895103335,-0.7190344831790388
15744,78,1,6.959999999999999,24,1,6.959999999999999,-5.146404321931165,-2.426284622912146
15745,19,4,829.5400000000001,368,48,207.38500000000002,1.0583617170668156,-0.2759693628257597
15746,134,1,182.96,130,27,182.96,-1.1183409178810952,0.8858353124117883
15747,13,3,658.49,324,47,219.49666666666667,0.8878668927289013,-0.23921609818331727
15748,40,1,139.36,50,18,139.36,-1.5690858951066569,0.053318679824472894
15750,3,8,2173.58,1548,200,271.6975,3.315415237330938,-0.8828522612566567
15752,40,7,2554.85,1895,235,364.9785714285714,3.057211370594432,0.45544872413011145
15754,51,3,458.57,199,24,152.85666666666665,-0.12255907283914691,-0.09540043374465168
15755,10,6,2059.84,1257,111,343.3066666666667,2.7136223841052844,-0.1559585095463163
15756,61,4,459.36,234,153,114.84,0.6386728371197193,-0.2356500653292125
15757,66,2,672.88,406,40,336.44,0.579351742871102,0.9744112838923729
15758,25,1,205.25,47,9,205.25,-1.4432150246518678,0.1335157186455631
15759,297,2,77.24000000000001,40,4,38.620000000000005,-3.1242485755818894,-0.6117907322497169
15762,65,2,482.95,241,31,241.475,0.03271517307493062,0.6233483383805447
15763,32,2,602.87,229,36,301.435,0.3994857159887697,0.5355279911391977
15764,88,6,2512.27,1744,132,418.71166666666664,2.600108410650976,0.9297574748332921
15766,64,1,90.06,94,6,90.06,-2.1868030188862297,-0.18285057819769807
15768,116,3,331.03,238,20,110.34333333333332,-0.5622653450439491,-0.041881978993727545
15773,6,1,128.8,119,8,128.8,-1.232275444804584,-0.7692425596230883
15774,69,1,189.75,79,20,189.75,-1.2398144696668116,0.5831343785678261
15775,245,1,87.9,66,6,87.9,-2.624174740581221,0.33105093521755474
15776,133,1,164.13,95,13,164.13,-1.5924941947768396,0.7036811680267568
15777,241,2,162.66000000000003,103,11,81.33000000000001,-1.8084159457875544,0.08057047918497924
15780,184,3,402.08000000000004,212,22,134.02666666666667,-0.514836241690829,0.31895989655686685
15781,25,3,254.91,171,15,84.97,-0.6665054609522805,-0.9440999502585496
15782,10,3,257.52,84,9,85.83999999999999,-0.9139002027274346,-1.3856578098688452
15783,11,1,165.62,64,10,165.62,-1.2946903234928906,-0.3473978913438379
15785,33,5,851.37,844,41,170.274,1.216224103750552,-0.30581669798749156
15786,46,3,3861.4500000000003,3117,226,1287.15,3.464395370082268,2.0972774271776635
15787,26,3,767.35,521,145,255.78333333333333,1.482000285824958,0.3034369044587307
15789,358,1,297.65999999999997,330,22,297.65999999999997,-0.6910490949258123,1.7594646935216964
15790,10,1,145.53,71,28,145.53,-0.9523316843681843,-0.3984152792588946
15791,44,2,1093.02,534,55,546.51,1.274290386368735,1.2758893379921916
15795,150,1,495.52,536,35,495.52,0.2563863840269246,1.9124705509131243
15796,1,8,1915.16,769,61,239.395,2.642845648777164,-1.4385401217283416
15799,76,3,675.44,729,83,225.14666666666668,1.0520320692410627,0.6021456243906395
15800,107,2,590.88,323,108,295.44,0.6805843977155718,1.1381432995214016
15801,46,3,958.25,555,56,319.4166666666667,1.1826163373626248,0.6446124601772212
15803,51,1,75.9,66,4,75.9,-2.533205181714561,-0.47766457160246717
15804,1,13,3350.18,2306,144,257.7061538461538,3.8809176226803648,-1.5209878742717007
15805,23,16,4354.55,2862,192,272.159375,3.7642447355868294,-0.5228816652040656
15806,46,3,371.22,354,21,123.74000000000001,-0.10995772871618666,-0.29486951729792577
15807,50,2,718.9,402,43,359.45,0.7161246371507859,0.9234611291647592
15808,306,4,2015.0700000000002,904,117,503.76750000000004,1.8390363608490805,1.7790182708428395
15809,36,4,321.4,232,22,80.35,-0.29344511677328805,-0.9379244658468185
15810,79,4,1307.23,856,62,326.8075,1.5204331213649473,0.7776877851550913
15811,22,6,1910.63,946,106,318.43833333333333,2.371195896172996,0.06498887990122836
15812,107,3,220.78,186,23,73.59333333333333,-0.8988443334862544,-0.42777372113964457
15813,208,2,389.26,302,25,194.63,-0.39167037924700937,0.9146850388227449
15814,17,4,765.85,633,42,191.4625,1.1624906423092436,-0.3661612293380018
15815,64,3,155.28000000000003,194,10,51.76000000000001,-1.3604452276465833,-1.0122841541174075
15819,49,4,1728.57,1165,89,432.1425,2.0988955768061204,0.8767439801510051
15820,320,1,116.98,56,16,116.98,-2.1617831422733222,0.7611717952016875
15821,44,2,396.86,184,48,198.43,0.03467891092528487,0.3150509679229993
15822,3,2,426.12,284,18,213.06,0.3988332614611637,-0.6976335455326875
15825,172,1,159.84,168,16,159.84,-1.3863861280527092,0.8428698996710917
15826,56,3,1007.85,717,50,335.95,1.2285269789183042,0.7755290011869928
15827,73,14,1463.24,844,59,104.51714285714286,1.7277733500696473,-0.9836341980191646
15829,99,2,517.82,640,36,258.91,0.4083324991122254,0.9350472853100252
15830,38,1,459.5,401,33,459.5,0.36538982439005313,1.2555405600433567
15831,58,3,351.74,368,47,117.24666666666667,0.124023950993321,-0.1707310019147348
15832,254,1,821.49,463,53,821.49,0.6507325683959048,2.5995691605195406
15834,70,3,1490.08,812,216,496.6933333333333,2.114352603481797,1.3504465350032346
15835,44,4,802.09,427,43,200.5225,0.8648412602457837,0.034249300202883255
15836,50,1,49.97,19,4,49.97,-3.293535343471587,-0.9226683399310484
15837,65,1,300.23,179,18,300.23,-0.6106697059476802,0.9997267403013579
15838,25,1,17.28,24,1,17.28,-4.24414942402799,-2.168362687632595
15839,33,3,977.66,582,54,325.88666666666666,1.2723323824374166,0.5261224044475554
15840,59,2,317.8,310,23,158.9,-0.30080684449294043,0.21051115386432903
15841,73,4,483.52,436,23,120.88,0.12143393696669365,-0.2504363813569629
15843,304,1,80.7,24,5,80.7,-3.1576389820828523,0.2688311827459354
15844,46,1,108.83999999999999,132,10,108.83999999999999,-1.6641873217024017,-0.09130577806247123
15845,18,8,2203.15,1281,79,275.39375,2.547304394056278,-0.3167814684736757
15847,38,2,278.04,156,18,139.02,-0.6533302228226526,-0.15200433367590027
15850,19,2,206.94,229,84,103.47,-0.0013384592015961531,-0.5218476249488003
15852,197,1,52.21,34,18,52.21,-2.8192952913994302,-0.1556793629478146
15853,52,1,110.8,135,29,110.8,-1.2668548052845094,0.06961824163128691
15854,4,11,986.71,423,99,89.7009090909091,1.9305539728164092,-2.091144302505848
15855,137,5,672.64,462,59,134.528,0.647744852365986,0.07131632620267236
15856,4,25,5579.67,5099,255,223.1868,4.690482415184408,-1.5753821067216527
15857,19,1,174.6,228,12,174.6,-0.8411701032065481,0.010147906046552094
15858,16,5,984.16,1020,134,196.832,2.0185335418784534,-0.34926541255761273
15860,41,8,766.8100000000001,352,94,95.85125000000001,1.1410997415622053,-0.965652693372228
15861,12,7,2769.61,2158,325,395.65857142857146,3.549189110229803,0.08297252539312734
15862,8,4,616.73,358,128,154.1825,1.3767320859490864,-0.7784859165242819
15863,26,2,42.44,16,15,21.22,-2.914129464142169,-2.070635291390159
15864,67,3,91.4,36,6,30.46666666666667,-2.567212371589913,-1.5945472302301396
15865,41,3,311.38,273,21,103.79333333333334,-0.31774691675556216,-0.5106150018363088
15866,101,1,163.18,121,39,163.18,-1.0301321447091223,0.69808228679258
15867,5,15,2255.8,1624,269,150.38666666666668,3.4683412868990917,-1.582179006945761
15869,277,2,119.4,91,12,59.7,-2.0935936927129815,-0.12726075344267668
15870,33,1,337.34000000000003,333,66,337.34000000000003,0.35544452853040365,0.9810659528627008
15872,15,2,302.93,206,98,151.465,0.37045684092318004,-0.27887051477669117
15874,64,7,828.0500000000001,536,63,118.29285714285716,1.086100639976652,-0.5317108250614916
15877,2,2,379.13,263,118,189.565,1.0761561712714365,-0.7529382082579381
15880,369,1,306.43,208,93,306.43,-0.2781398964102014,1.8988019993990586
15881,312,4,112.24,48,19,28.06,-2.2051856210874514,-1.0552786411605874
15882,199,3,182.4,96,16,60.800000000000004,-1.5598698295394633,-0.4085808927778842
15883,2,2,348.28000000000003,219,40,174.14000000000001,0.5165612506385565,-0.937875626643518
15885,93,1,258.55,101,13,258.55,-1.1344962733453208,0.9526532373621207
15886,60,1,104.5,34,9,104.5,-2.27586367463231,-0.11324983800290672
15888,81,1,91.81,70,10,91.81,-2.1474036580268954,-0.04573663378440761
15889,157,2,360.47,207,74,180.235,-0.10353010837239801,0.8053717612250366
15891,227,1,407.16,351,53,407.16,0.019829914360988573,1.924863179836374
15894,253,2,181.35,152,33,90.675,-1.1766824136046192,0.3169733934477635
15895,150,1,21.85,10,9,21.85,-4.106596286748763,-1.1404029721030637
15897,194,2,96.43,59,16,48.215,-2.2305702564934013,-0.4613515443741066
15898,1,5,551.06,328,61,110.21199999999999,1.307477515776419,-1.8939878991276187
15899,369,1,43.5,38,3,43.5,-3.6822771611314726,-0.18781731772459367
15900,24,1,351.11,221,44,351.11,0.14689847543840673,0.823097691299476
15901,17,3,284.91,288,94,94.97000000000001,0.40280574274115305,-0.8020187289068329
15903,26,4,492.84000000000003,864,24,123.21000000000001,0.6215224365542869,-0.6079384695849226
15904,8,1,128.23,81,27,128.23,-0.974757673488588,-0.5866085575839072
15906,20,7,1120.59,490,100,160.0842857142857,1.7224713571442127,-0.7067743127035786
15907,4,3,834.1,494,164,278.03333333333336,1.9471345394197257,-0.32278418269440406
15909,174,1,69.54,50,5,69.54,-2.8935652959401024,-0.04516432430929949
15910,1,8,1157.53,1007,209,144.69125,2.8311413116360256,-1.7429580186635272
15912,178,2,254.67000000000002,184,18,127.33500000000001,-0.9968456217357439,0.42125917667449514
15916,16,7,1048.76,655,108,149.82285714285715,1.852124010353246,-0.826567370665938
15917,248,1,60.550000000000004,37,9,60.550000000000004,-2.9811910462533144,0.012452915832717017
15918,191,2,334.23,153,33,167.115,-0.6315716798056723,0.7280651487218373
15919,20,2,589.44,540,100,294.72,1.1930233845497658,0.47631148154561853
15920,154,4,158.55,98,52,39.6375,-1.1373543406787083,-0.9203647875168602
15921,173,1,164.06,108,19,164.06,-1.4612291146183336,0.8543672191874345
15922,373,1,167.60000000000002,56,6,167.60000000000002,-2.267514098408996,1.052988379029827
15923,373,1,78.3,40,17,78.3,-2.606735499549594,0.46327892719720903
15925,194,1,168.9,90,11,168.9,-1.7332411849848153,0.8677408001724906
15930,67,1,393.63,135,19,393.63,-0.48440909872756416,1.2337571693403662
15932,4,8,1143.25,1271,76,142.90625,2.303434733073531,-1.4483608463764677
15933,21,3,990.0500000000001,726,59,330.0166666666667,1.4926049860225974,0.37722010992574023
15935,239,1,91.04,112,10,91.04,-2.2206830914178206,0.42728007951253033
15937,64,1,145.35000000000002,73,7,145.35000000000002,-1.8480613779447004,0.22623742507594224
15938,112,5,237.58,150,11,47.516000000000005,-1.1772611114173666,-1.1307322691455588
15939,90,11,453.24,492,12,41.20363636363636,-0.07771045201114128,-1.7230042222576545
15942,134,1,178.14,150,9,178.14,-1.4999007033740348,0.7758086755347354
15944,277,1,68.9,22,4,68.9,-3.3641535351385055,0.0717667218061933
15945,365,1,13.6,16,1,13.6,-5.141677841954939,-1.2812467896342732
15947,83,1,160.64000000000001,112,7,160.64000000000001,-1.6718948607422863,0.447793792989074
15948,8,2,931.84,531,50,465.92,1.4612567564856571,0.4539333796097239
15949,17,2,349.6,248,12,174.8,-0.2878389792872926,-0.28317667365368865
15950,32,4,1243.46,542,75,310.865,1.5844043409142547,0.3510295834759285
15951,9,2,583.27,302,30,291.635,0.6641945593318004,0.008135662302632737
15952,34,4,694.7,342,58,173.675,0.8434697577665714,-0.18255538172323993
15953,15,8,861.07,590,53,107.63375,1.4048393613444108,-1.289113910854171
15955,24,14,2716.76,1526,115,194.05428571428573,2.9325134624328544,-0.8030513110075386
15957,32,1,348.64,184,37,348.64,-0.053345367246942305,0.9055807652035825
15958,74,1,44.4,20,4,44.4,-3.4520297881781246,-0.8586207483417915
15963,20,2,394.76,270,23,197.38,0.05035870474258866,-0.05059858196143406
15965,17,4,729.77,392,83,182.4425,1.218835905550299,-0.37661685096017244
15967,23,2,373.43,206,68,186.715,0.30215965757374214,0.03831886622611996
15969,3,3,272.7,90,11,90.89999999999999,-0.549480783863606,-1.7386615376542753
15970,304,1,114.9,68,7,114.9,-2.3970222366205345,0.6663223600377148
15971,67,6,148.25,67,7,24.708333333333332,-1.8681708088410565,-2.090173375806894
15973,367,1,34.4,16,2,34.4,-4.278822974849178,-0.4702927319298497
15974,39,7,2496.4500000000003,1670,124,356.6357142857143,2.7441356763205196,0.3574038595413324
15975,84,1,371.01,243,24,371.01,-0.2786521555087224,1.3348951481082898
15976,165,2,379.08,236,77,189.54,-0.011568226443305015,0.8818351801705288
15977,17,2,579.32,417,36,289.66,0.7176012339714996,0.2860380545978466
15978,77,1,732.34,652,40,732.34,0.8331568669871631,2.0000406994015765
15980,89,2,309.6,240,14,154.8,-0.6909091257889856,0.2972022889389305
15981,25,7,1289.28,986,37,184.18285714285713,1.6485469641460213,-0.5416526500962038
15983,22,4,973.8100000000001,620,78,243.45250000000001,1.5344823865956092,0.0001662314237311932
15984,3,9,1679.98,998,202,186.66444444444446,2.969602529883562,-1.3066785658046534
15985,123,2,452.18,416,19,226.09,-0.1481033029541744,0.822114991109759
15986,30,1,126.11999999999999,148,11,126.11999999999999,-1.381184426740773,-0.12295543616659554
15987,12,5,524.95,428,102,104.99000000000001,1.1585514866725115,-1.0869188344669791
15988,19,1,113.38,78,22,113.38,-1.338699519214908,-0.37911893012426273
15990,44,2,514.81,297,43,257.405,0.37009289419891855,0.5616257503671588
15992,4,1,27.04,16,2,27.04,-3.521587895475749,-2.4740486390725356
15993,9,6,2268.58,1918,308,378.09666666666664,3.3702716328920213,0.010294943502977749
15994,55,1,257.65,107,26,257.65,-0.7401534999264309,0.7977356466118959
15996,88,6,796.48,358,87,132.74666666666667,0.9532416873019447,-0.20765179365935615
15998,37,5,2473.86,1938,340,494.77200000000005,3.174745094826983,0.9158736901733315
16003,30,5,1404.77,1017,70,280.954,1.909850976836217,0.15064073395412972
16005,12,4,506.74,287,161,126.685,1.152419665304195,-0.7873438570034026
16006,211,1,101.4,84,8,101.4,-2.2926288438531883,0.4307893675680777
16007,48,4,1600.75,1289,216,400.1875,2.4314567554621704,0.8904035802030537
16008,24,3,428.26,271,28,142.75333333333333,0.15496641671553257,-0.42740937799862977
16009,44,2,583.8000000000001,301,59,291.90000000000003,0.5984346755461005,0.7005383187324498
16010,246,3,369.15,197,62,123.05,-0.2687314656218183,0.4556078825064404
16011,8,16,2839.33,1776,93,177.458125,3.180161128829197,-1.4027653831779054
16012,35,3,711.32,516,75,237.10666666666668,1.0942616132251446,0.2966014740303642
16013,8,6,829.1,670,10,138.18333333333334,0.8817143634089387,-1.2863843515993372
16014,38,3,570.13,255,115,190.04333333333332,0.8161460544690367,0.13204318096480233
16015,4,3,567.6899999999999,679,141,189.23,1.6983105202447386,-0.6495485701576758
16016,3,8,1281.31,596,143,160.16375,2.418366066774798,-1.434146583863086
16017,47,1,172.03,99,24,172.03,-1.0836369261842138,0.3710805822987405
16018,39,2,237.54,111,20,118.77,-0.8653919280872245,-0.2900930372806155
16019,47,9,1961.3300000000002,1394,112,217.92555555555558,2.434159874537557,-0.1644215125867403
16020,17,3,707.01,443,39,235.67,0.9292149330304699,-0.06897093413156148
16022,260,1,506.93,243,61,506.93,0.08578962930112595,2.1607831741102532
16023,46,3,548.86,341,80,182.95333333333335,0.7066114788265874,0.16265185014388253
16024,12,1,224.6,278,58,224.6,0.12879540209180126,0.20194345739064337
16025,30,1,423.15999999999997,336,27,423.15999999999997,0.20885238036828138,1.0581639539741827
16026,43,1,236.09,243,30,236.09,-0.40521248877279553,0.6870925455979972
16027,137,3,64.75,25,4,21.583333333333332,-3.2510994585552444,-1.6418021958977425
16029,81,3,91.80000000000001,36,1,30.600000000000005,-3.106239855714581,-1.6294771854130166
16030,310,1,312.85,246,26,312.85,-0.6623465102291191,1.7383700714077863
16031,92,2,435.09000000000003,414,82,217.54500000000002,0.45233386317210733,0.8008561298272497
16033,6,20,6628.24,3248,483,331.412,4.811621656379871,-0.9168981889857498
16034,196,3,335.7,194,17,111.89999999999999,-0.8009306080479733,0.16080121576691325
16036,87,2,607.69,499,51,303.845,0.608863729702027,1.0358649241258395
16037,270,3,629.52,402,33,209.84,0.14311438325247727,0.9450026434032659
16038,8,3,431.98,240,22,143.99333333333334,0.2489649915625542,-0.8775122956985748
16040,65,3,891.5,444,43,297.1666666666667,0.8667226578547734,0.6854752287722642
16042,22,5,1115.07,715,63,223.01399999999998,1.6234590186426585,-0.20733776566996648
16043,38,4,527.94,353,26,131.985,0.3017723139077192,-0.44560310442347223
16045,120,4,1049.4,851,61,262.35,1.2475499808040784,0.7585785564742382
16048,373,2,54.839999999999996,48,4,27.419999999999998,-3.37452090691965,-0.7944748104427577
16049,40,3,1010.97,749,239,336.99,1.9388683918422867,0.7877329149823147
16050,174,1,77.47999999999999,48,5,77.47999999999999,-2.8235684471255054,0.045049123407051875
16052,54,1,262.98,206,30,262.98,-0.42866026313723665,0.8633344090932864
16053,33,2,1075.45,721,70,537.725,1.5266522717140614,1.1861296940192552
16054,145,1,608.56,331,55,608.56,0.42861881734564167,2.0867440491041322
16055,221,1,78.0,18,5,78.0,-3.2142571935753477,0.08858921441246166
16056,45,1,490.0,286,57,490.0,0.4715037073258192,1.4084055859089155
16057,16,7,1915.8700000000001,808,95,273.6957142857143,2.353411259369354,-0.3027848046813302
16059,66,6,1310.21,627,115,218.36833333333334,1.7219482828111747,0.16650740376253162
16062,10,4,571.52,692,42,142.88,1.0716762176857269,-0.8199456465635537
16063,260,1,335.32,262,23,335.32,-0.5935152128535368,1.7182113591923218
16065,365,1,322.79,182,69,322.79,-0.40087327490621844,1.9031497610032853
16066,17,5,762.12,527,62,152.424,1.2598007622518195,-0.6609102624369828
16070,22,2,419.79,349,27,209.895,0.23348266106409543,0.07187339297126855
16071,45,1,299.29,177,19,299.29,-0.5175669284188538,0.8498232507549878
16072,288,1,93.6,42,6,93.6,-2.771172172355827,0.4236610682444207
16076,3,9,1488.16,906,66,165.35111111111112,2.39513036105945,-1.5215168513703474
16079,17,3,98.34,96,7,32.78,-1.8160042582425895,-2.0141268466056816
16080,82,2,135.0,84,8,67.5,-1.9084709278254628,-0.5679307225831387
16081,56,5,2248.69,1291,165,449.738,2.574934994561933,0.9090809992482589
16083,101,2,327.98,290,17,163.99,-0.5314710597193252,0.4288754578968595
16084,299,1,351.68,194,34,351.68,-0.54395168202767,1.8336053150502547
16085,23,5,852.4,483,117,170.48,1.5047201396393368,-0.39056926933901714
16086,59,5,489.58,266,16,97.916,-0.1246088984689114,-0.7056199071936297
16091,155,2,315.06,154,16,157.53,-0.907725322262883,0.5256340075565813
16092,115,3,752.56,622,34,250.85333333333332,0.6397574781192084,0.7753935669415486
16093,107,1,17.0,20,1,17.0,-4.631683769572119,-1.5965843637484245
16094,12,4,802.93,613,41,200.7325,1.2500887560596798,-0.4658374611560145
16096,264,1,85.62,126,7,85.62,-2.3755540023441353,0.3938495239283608
16097,240,1,110.4,80,6,110.4,-2.3720499494681326,0.5311861702478045
16098,88,7,668.67,279,21,95.52428571428571,0.18508423219128445,-0.7267878558591241
16099,50,3,607.1,374,28,202.36666666666667,0.39067359695504084,0.19425464887824337
16101,71,1,1261.7,754,74,1261.7,1.5756276641422227,2.5053126086885387
16102,42,3,875.74,628,33,291.91333333333336,0.9688952152185505,0.48901268780614016
16103,80,4,395.3,250,18,98.825,-0.35177537186779556,-0.444427062447401
16104,62,1,243.56,119,26,243.56,-0.7721109179658039,0.8052135138430143
16105,249,1,165.6,186,11,165.6,-1.5418540239645575,1.0018018752014806
16106,66,1,108.38,74,6,108.38,-2.133982626249003,-0.02606402392957851
16107,29,4,195.3,78,7,48.825,-1.453352748139826,-1.6221523888758311
16108,85,1,811.58,565,46,811.58,0.8958350349752171,2.1336626007899095
16109,219,1,147.12,168,10,147.12,-1.678553871662798,0.8311867609054556
16110,45,3,1248.68,724,277,416.2266666666667,2.127200018420101,1.0307763443470714
16112,143,2,100.7,190,12,50.35,-1.8174915170942678,-0.5008263265497772
16113,183,1,110.15,55,27,110.15,-1.8938059046537175,0.521592218280624
16114,171,1,135.75000000000003,43,8,135.75000000000003,-2.2565626047613914,0.551927978476046
16115,10,8,1519.47,985,161,189.93375,2.56055346738123,-0.8189895996103908
16116,212,1,446.98,232,27,446.98,-0.3040869993034669,1.8890549181694123
16117,190,1,195.31,126,28,195.31,-1.1400997964818589,1.0890106905242771
16119,8,2,317.16,180,12,158.58,-0.3285141994635711,-0.6786643115785788
16120,59,2,228.1,178,14,114.05,-0.9506715360248925,-0.15604143229558828
16121,57,2,829.96,582,166,414.98,1.4693664806375257,1.2507889159013468
16122,73,4,342.18,224,16,85.545,-0.5297240999197654,-0.624143308021616
16123,52,1,215.28,156,13,215.28,-0.9969399431307413,0.5820442324937745
16124,317,1,113.4,40,7,113.4,-2.6053863437164764,0.6384773640149523
16125,367,1,228.45000000000002,110,11,228.45000000000002,-1.5622250676120657,1.4082770342716528
16126,29,4,933.4300000000001,369,23,233.35750000000002,0.778051340360297,-0.07036183836760862
16127,39,1,609.45,299,39,609.45,0.542028504927899,1.5075323282521882
16128,18,5,1498.27,875,72,299.654,2.024670738342982,-0.005773077319059186
16131,52,4,555.3199999999999,612,24,138.82999999999998,0.44288583994386177,-0.24473153601665443
16133,4,29,3040.37,2175,143,104.84034482758621,3.694218344238736,-2.435225526279387
16134,22,2,586.2900000000001,367,33,293.14500000000004,0.5932678908935305,0.3828852528550233
16135,263,1,313.7,190,18,313.7,-0.8582459577837728,1.6224580626166627
16136,60,3,535.94,376,30,178.64666666666668,0.2816312903662735,0.1678852576909952
16139,19,3,546.3100000000001,296,23,182.10333333333335,0.35212207117986727,-0.32220058735781687
16140,66,2,461.34000000000003,380,27,230.67000000000002,0.1045231982167254,0.6071354868904564
16141,88,1,430.70000000000005,218,22,430.70000000000005,-0.2434184675757306,1.4688151380395837
16142,250,1,356.04,358,28,356.04,-0.3489250014975729,1.7918758618539177
16143,3,6,1898.27,842,70,316.37833333333333,2.5429769021094732,-0.7193871963158264
16145,9,11,3015.15,2089,116,274.1045454545455,3.302145442159187,-0.7157914066094169
16146,204,2,446.73,279,23,223.365,-0.33940367094984897,1.0132474548714276
16147,134,1,243.08,186,15,243.08,-0.9891015423212735,1.1028853260361162
16149,5,2,251.24,212,16,125.62,-0.2568512801565913,-1.0142356785824156
16150,43,5,1762.1200000000001,991,82,352.42400000000004,2.065456082260856,0.5069139064936296
16152,269,1,30.0,24,1,30.0,-4.338459475788564,-0.7282275001679659
16153,50,5,1463.53,777,69,292.706,1.7299175816309347,0.37587087953493636
16156,9,9,2143.19,1105,96,238.13222222222223,2.702608469766846,-0.7741620632340759
16157,16,3,310.55,125,11,103.51666666666667,-0.646166786066073,-0.9992049984916853
16159,282,1,303.2,224,13,303.2,-0.9631331807223257,1.6042088454043633
16161,2,19,4443.86,2386,258,233.88736842105263,4.3116638150656215,-1.619724819885705
16162,252,1,11.9,2,1,11.9,-5.788325863940358,-1.6569587080985062
16163,365,1,50.1,18,3,50.1,-3.831280314511701,-0.11898173901416165
16164,17,3,528.6,341,26,176.20000000000002,0.44753166492796587,-0.37465167130482735
16168,11,20,1435.77,579,48,71.7885,1.94424638770668,-2.3401028506860655
16169,8,4,1233.84,906,59,308.46,1.954525562570458,-0.1886237333805518
16170,51,6,1551.72,1173,92,258.62,2.0497820089651726,0.22718921194145764
16171,59,1,73.19999999999999,24,3,73.19999999999999,-3.0399320862329233,-0.5340479834059613
16172,95,5,932.91,717,50,186.582,1.0796062378178763,0.21573222872529846
16173,16,6,1132.47,537,59,188.745,1.5873101670867538,-0.6060622038583419
16174,126,2,273.4,180,14,136.7,-0.9682769449099141,0.31527709674591553
16175,94,4,885.09,519,39,221.2725,0.8114088006832059,0.4364185087759077
16177,50,1,179.35,79,10,179.35,-1.4736467747672763,0.34125921715581586
16178,138,1,150.1,90,7,150.1,-1.9142590242533282,0.5859776000932693
16179,61,1,135.88,90,9,135.88,-1.7263603348271543,0.18257723115867255
16180,100,8,1789.73,1146,71,223.71625,1.9343939733748499,0.18585190581860606
16181,73,1,163.94,104,10,163.94,-1.5272997068365768,0.43723788713182216
16182,72,1,72.8,40,4,72.8,-2.818358974600712,-0.40343353881131727
16183,67,1,255.31,101,14,255.31,-1.0458887071603038,0.8125169805285011
16184,64,6,594.66,324,19,99.11,0.16268180505301064,-0.7364796380109624
16185,17,2,473.26,254,27,236.63,0.2669494417934122,0.052387612268933695
16186,23,12,3338.18,2532,84,278.1816666666667,3.1435054463733585,-0.40744927214436416
16187,32,15,4039.15,3175,143,269.2766666666667,3.546681453592429,-0.3783374772204715
16188,45,4,871.27,717,60,217.8175,1.2438653175093057,0.17944307514979757
16189,16,2,125.58,84,6,62.79,-1.718265441672435,-1.3177427531717474
16190,40,1,94.99000000000001,37,4,94.99000000000001,-2.5112312962230137,-0.4213020468899711
16191,3,11,1272.4,1069,43,115.67272727272729,2.187166990468188,-1.981584862961735
16193,237,1,280.63,169,17,280.63,-0.9874052457604526,1.4697416750476466
16198,75,1,286.281,117,11,286.281,-1.0163063111050763,0.9470564362354232
16200,4,2,866.1700000000001,500,136,433.08500000000004,1.9059458744205537,0.2326216123579064
16201,3,4,1739.92,1202,70,434.98,2.5739387298380203,-0.19584024444992473
16202,361,1,247.52,178,15,247.52,-1.2068164470185843,1.5289571827550104
16203,59,4,592.9,262,27,148.225,0.20563394381347005,-0.1808200541708685
16204,23,1,405.71,231,45,405.71,0.2948504309795787,0.9363813104728169
16205,31,4,523.68,311,67,130.92,0.6625796644490811,-0.4574302682658212
16206,55,4,431.90999999999997,244,48,107.97749999999999,0.16923936045655535,-0.4357373117092997
16207,25,1,218.58,98,15,218.58,-0.9427810662645185,0.27920965191133357
16208,45,2,534.0600000000001,321,56,267.03000000000003,0.5259926242921749,0.6319097085164133
16209,89,4,625.48,408,29,156.37,0.3468484692028108,0.07060125317104518
16210,2,14,1030.82,586,47,73.63,1.932813526469903,-2.6728576731743194
16211,89,1,289.62,126,19,289.62,-0.8130778749159056,1.0804752558944555
16212,19,2,552.09,229,31,276.045,0.38157327601550883,0.235842533039192
16213,79,1,82.5,42,5,82.5,-2.650324348125565,-0.23745883709160667
16214,171,3,653.45,338,27,217.8166666666667,0.13173522105039545,0.7574288247821793
16215,81,1,186.9,98,10,186.9,-1.4678812104786805,0.5898223523977241
16216,267,1,476.28000000000003,200,28,476.28000000000003,-0.34378523640974507,2.0340514247812136
16217,235,2,223.05,77,12,111.525,-1.627089805769585,0.33076477607610105
16218,30,5,1051.58,778,48,210.31599999999997,1.4354515793658675,-0.1525278080187205
16221,37,3,672.08,429,79,224.02666666666667,0.9912485767390915,0.2628303466165025
16222,318,1,677.9200000000001,348,106,677.9200000000001,0.6200067358092056,2.571729921297151
16224,57,4,1072.85,969,77,268.2125,1.5650998067109563,0.4995910938877548
16225,45,5,988.77,473,107,197.754,1.4363431650493426,0.0008546126468516326
16226,203,3,110.4,72,5,36.800000000000004,-2.4763503969672693,-0.9444622856304489
16227,225,1,64.02000000000001,54,4,64.02000000000001,-3.0597381224705362,-0.02103565644567795
16229,87,2,573.1,250,38,286.55,0.19732198541194804,0.9131423850952882
16230,190,2,516.53,363,31,258.265,0.0011130376361389567,1.1534671179967375
16232,44,4,503.83,335,23,125.9575,0.16748338821387082,-0.44044942308003604
16233,71,2,373.38,160,19,186.69,-0.5255044581040251,0.3663489402264295
16235,41,4,595.71,303,30,148.9275,0.3808280036459238,-0.3071885932487667
16236,78,1,366.5,170,18,366.5,-0.511122808472895,1.2447530866855003
16239,57,2,284.0,192,15,142.0,-0.7174423887921552,0.03002750783385391
16240,24,2,1804.19,1282,101,902.095,2.357150034064896,1.5783328564778392
16241,10,13,2304.71,1372,331,177.28538461538463,3.354989503548259,-1.087398195252103
16242,8,7,2907.73,1742,172,415.39,3.337010326715785,-0.10200738411986775
16243,34,2,227.4,99,39,113.7,-0.6537109014460696,-0.3308884748394196
16244,212,2,1475.05,849,85,737.525,1.5105630449745342,2.2579832148761168
16245,24,3,1217.76,824,71,405.92,1.7471759715261515,0.6357605756267255
16247,170,1,56.28,47,11,56.28,-2.7980699844134205,-0.17526291122695767
16248,62,1,152.94,78,7,152.94,-1.7774242640634272,0.2614165960374606
16249,53,4,762.69,546,45,190.6725,0.8919281215335401,0.08718261393747259
16250,261,2,373.54,206,21,186.77,-0.6788522114612398,0.9331854742292731
16253,67,2,1184.68,1009,59,592.34,1.5057563049027498,1.5667590102959004
16255,17,8,2180.61,1353,135,272.57625,2.7832219732083674,-0.2952057686212903
16256,267,1,58.95,57,4,58.95,-3.1421399461914032,-0.016808251926512675
16258,45,4,1676.25,1000,79,419.0625,1.990339911205716,0.7941528712208904
16260,51,1,175.75,75,9,175.75,-1.5506373695491922,0.3195922189288037
16261,17,4,615.38,293,89,153.845,1.0065535024941328,-0.5366685550762124
16265,9,9,3687.26,2288,133,409.6955555555556,3.525010282967482,-0.2256871999590771
16266,74,7,557.99,364,33,79.71285714285715,0.35059764017321615,-0.896315856740991
16268,71,2,495.2,521,38,247.6,0.39157465458563834,0.7502029902145784
16270,353,1,685.99,517,44,685.99,0.4031999507911171,2.5704910265292655
16271,16,4,1163.25,838,87,290.8125,1.8935916107559911,0.05740732393604887
16272,117,1,411.7,224,25,411.7,-0.2820065413285381,1.5610285222279634
16274,373,1,201.65,143,53,201.65,-0.9677532839570839,1.4644889907203178
16275,197,1,322.12,266,21,322.12,-0.59405448490159,1.5604864363709994
16276,177,1,75.0,60,3,75.0,-2.9355217572564234,0.0006480317143524356
16278,100,1,211.03,97,14,211.03,-1.2973681045238157,0.8105911802302002
16279,21,3,1354.8,904,95,451.59999999999997,2.0082735980622854,0.7077292803737157
16281,72,1,82.5,50,3,82.5,-2.730620604688001,-0.3025610972789066
16282,340,1,129.75,77,9,129.75,-2.192145662538205,0.8468394054509524
16283,6,5,1277.11,1044,107,255.42199999999997,2.337975188936628,-0.5145135155246674
16284,31,2,731.53,437,83,365.765,1.121045072783482,0.8091644922639746
16287,170,1,125.22000000000001,82,7,125.22000000000001,-2.1356056118950133,0.5101953938011765
16292,122,1,282.35,189,16,282.35,-0.8204573040811989,1.2004213176893475
16293,22,10,1676.14,853,83,167.614,2.1867165181539105,-0.8238424743024365
16295,10,4,967.26,654,54,241.815,1.5651858020079756,-0.3450529465553759
16297,269,1,277.34,168,18,277.34,-1.004859723350852,1.517032671003515
16298,23,3,385.2,176,19,128.4,-0.22426012029447753,-0.5988677696593983
16302,127,1,182.22,146,10,182.22,-1.4419870328270172,0.7802520361160956
16303,26,3,2637.92,1268,88,879.3066666666667,2.5831614286465125,1.387537263489234
16305,139,1,361.22,256,22,361.22,-0.4236563471573632,1.5163374675776908
16306,214,6,532.07,391,33,88.67833333333334,0.09338839008820125,-0.26932588284277026
16309,106,2,523.97,439,36,261.985,0.2662960784030129,0.9490576763776298
16311,18,2,568.89,343,32,284.445,0.5749012002621482,0.2695170015724027
16313,3,2,203.57000000000002,89,12,101.78500000000001,-0.7535921046172109,-1.4469912632527226
16315,331,1,155.52,68,10,155.52,-2.050090208423536,0.9930899197733036
16316,64,7,1684.02,1289,98,240.5742857142857,2.1392042675838066,0.18059842190739853
16317,120,3,1010.63,714,57,336.87666666666667,1.1157226539566967,1.1050225907348563
16318,35,1,265.15,139,17,265.15,-0.6887957359255337,0.6165707934533018
16320,172,2,877.64,674,50,438.82,0.8525182570517064,1.6558832849470475
16321,72,5,161.40000000000003,48,5,32.28000000000001,-2.0689687970013533,-1.7806263276438434
16322,1,2,306.85,229,27,153.425,0.3690184721123339,-1.2500477135041226
16324,128,3,389.98,278,96,129.99333333333334,0.21404494234332958,0.29360512573362063
16325,47,3,268.84000000000003,100,10,89.61333333333334,-1.102171318330611,-0.7112100970668437
16326,6,14,1207.46,481,128,86.24714285714286,2.195768639913655,-2.102319624805976
16327,14,6,2912.46,1978,137,485.41,3.1676658646032787,0.32381815897178085
16330,18,3,122.66,55,36,40.88666666666666,-1.242347928152653,-1.6967962683836197
16332,28,7,1186.7,717,112,169.52857142857144,1.8798426778902535,-0.4866360640637864
16337,37,1,133.15,85,9,133.15,-1.6555613695362166,-0.043741794086033084
16338,157,1,105.35,71,8,105.35,-2.258454866548986,0.32972039519787627
16339,284,1,30.45,13,9,30.45,-3.905155167153844,-0.5805275669583079
16340,107,1,480.2,449,120,480.2,0.7260355407440668,1.846507317973348
16341,25,4,957.1700000000001,774,47,239.29250000000002,1.3749768679478465,0.004504833202350137
16342,75,3,152.36,82,7,50.78666666666667,-1.8469692342041215,-1.0485422216086149
16343,16,2,310.78,189,27,155.39,-0.159208067916861,-0.3549391718745444
16344,158,1,35.7,6,1,35.7,-4.550639080429596,-0.8863114081713701
16345,44,1,421.76,281,31,421.76,0.11335748924834163,1.212258605116428
16347,11,2,591.48,241,52,295.74,0.7683595385877489,0.13207101262949156
16348,32,7,1147.95,761,145,163.99285714285716,1.9494468241594052,-0.4334108783127497
16349,291,1,12.65,6,6,12.65,-4.966095832491806,-1.3753319136834699
16350,21,4,853.5,430,34,213.375,0.9816658980457421,-0.23266341305439253
16351,333,1,153.9,90,8,153.9,-2.0395330884074423,0.9858769377619128
16352,18,2,494.44,300,28,247.22,0.36391195358841705,0.12709935208706402
16353,18,10,1001.4,699,36,100.14,1.421928648003451,-1.4385286003821722
16354,63,2,361.40000000000003,146,36,180.70000000000002,-0.3122271109082622,0.34030767498411
16356,198,3,211.77,93,20,70.59,-1.3685143053225617,-0.26490986146546297
16357,33,3,499.08000000000004,226,24,166.36,0.08328531906698783,-0.1918981407446073
16358,1,4,1554.46,1102,78,388.615,2.6478912545767277,-0.5797909153754709
16359,7,8,429.36,463,30,53.67,0.6996456524306466,-2.245313560197555
16360,5,6,2991.26,1894,338,498.54333333333335,3.73353383426488,0.044267280567440094
16361,10,4,716.8100000000001,404,79,179.20250000000001,1.303986546239838,-0.6010471959565136
16362,32,5,594.5600000000001,279,55,118.912,0.6538298247152473,-0.6739785297727722
16363,53,1,75.36000000000001,48,4,75.36000000000001,-2.6605964829061453,-0.4884190360443591
16364,12,2,468.89,255,42,234.445,0.5040453474971412,-0.05165075641137469
16365,18,7,169.26,107,27,24.18,-0.8002902107801723,-2.5846429283650476
16366,19,1,281.90000000000003,252,16,281.90000000000003,-0.31977870462592045,0.45673881320262616
16367,37,2,700.58,474,113,350.29,1.2008603730639602,0.877468906853161
16368,2,2,337.79,172,51,168.895,0.5003436675931006,-0.9578320924465569
16369,18,3,1236.44,876,84,412.1466666666667,1.9079653507043088,0.553503339031968
16370,82,4,987.91,618,128,246.9775,1.4597248538828085,0.5958910975331648
16372,33,2,283.68,157,78,141.84,-0.03480769764617146,-0.05857037150953701
16374,66,2,402.58,233,95,201.29,0.31318993958473207,0.5723804936252872
16376,9,2,688.64,496,93,344.32,1.4190180471327076,0.28818600922832244
16378,247,3,309.85,249,21,103.28333333333335,-0.7439918050907528,0.22310347471516515
16379,4,4,1705.88,1128,79,426.47,2.534139248734168,-0.11250711097322443
16380,61,1,103.19,92,14,103.19,-1.7724137564668474,-0.015605474118832629
16383,75,2,532.24,336,72,266.12,0.5288202975768111,0.8653900394340553
16384,90,2,456.3,234,28,228.15,-0.13254759357846124,0.6976048748268953
16385,60,3,439.44,244,48,146.48,0.1518285040296323,0.010754102371897185
16386,29,2,287.7,221,73,143.85,0.10095279484825254,-0.08274190785116162
16387,323,1,53.8,20,3,53.8,-3.712863422127918,-0.10267447745740614
16389,53,4,337.61,195,17,84.4025,-0.49845540367123137,-0.7713907774265638
16392,270,1,213.54,202,40,213.54,-0.8376048937455073,1.3758429557895406
16393,2,13,2762.94,1475,119,212.53384615384616,3.4019229466715966,-1.5650228464889167
16394,57,5,786.44,846,59,157.288,1.1801834733571535,-0.11723034554574514
16395,61,5,1275.48,1183,142,255.096,2.0166860368171737,0.4325848077034531
16398,154,2,905.45,501,49,452.725,0.7858859046662727,1.6157562472282734
16399,19,2,326.55,210,61,163.275,0.20041101353157706,-0.16291506981063036
16400,95,1,271.08,169,26,271.08,-0.6535179711968223,1.0972291911241947
16401,1,11,2266.04,1798,64,206.00363636363636,3.1393738938266154,-1.7023681867204759
16402,265,2,214.75,110,52,107.375,-0.9926575641235464,0.5025294050479924
16403,312,1,177.5,114,10,177.5,-1.7476861323847972,1.1161188462111082
16404,70,1,296.45,143,17,296.45,-0.7392922798575554,0.9997061891677184
16405,310,1,6.85,3,3,6.85,-5.845306411829407,-1.9192098345712636
16406,19,1,155.12,121,53,155.12,-0.5929097956274268,-0.0002553376594981168
16407,13,9,1646.63,938,88,182.9588888888889,2.326766811896154,-0.8802835511294682
16409,36,5,1743.04,1092,132,348.608,2.3187083110299738,0.47525873508126354
16411,19,2,206.7,131,40,103.35,-0.49555376628764997,-0.6272317294583617
16412,54,1,151.83,73,25,151.83,-1.3053972388447908,0.3040789862533973
16413,57,1,247.25,147,29,247.25,-0.6238520988636262,0.8071431753269265
16414,22,2,31.6,16,2,15.8,-3.7733709750200983,-2.5380785367758505
16415,44,1,191.7,156,43,191.7,-0.5942388342573348,0.5200208983913586
16416,27,3,712.7,486,50,237.5666666666667,0.9695134381886821,0.1518186839514058
16418,45,3,511.82,275,66,170.60666666666665,0.5024210114288024,0.061427703380012716
16419,113,6,495.05,265,28,82.50833333333334,-0.028717939708950643,-0.6373938060759005
16422,17,33,1632.5400000000002,1058,28,49.470909090909096,2.0420779182485695,-2.8253533504714254
16423,25,1,268.78,192,16,268.78,-0.5131273679684158,0.5076511850335693
16424,191,1,30.0,24,1,30.0,-4.263756033507831,-0.8710584427072448
16425,302,1,157.4,181,13,157.4,-1.5721152985797735,1.051062334554687
16426,2,10,1603.53,1114,202,160.353,3.0479982785927793,-1.6156569956227744
16427,263,2,112.96000000000001,78,5,56.480000000000004,-2.490372755804579,-0.27856673591917486
16429,106,1,4.95,1,1,4.95,-6.3600434151437755,-2.7174144968715233
16430,57,1,71.35,13,3,71.35,-3.2629193978923663,-0.608090944262059
16431,213,3,567.21,381,50,189.07000000000002,0.2554116551573749,0.7901818448143907
16432,64,1,111.0,72,5,111.0,-2.180090638431961,-0.0343283046677952
16433,28,1,120.66,98,16,120.66,-1.4103126575675133,-0.18325818995651688
16434,29,7,1123.65,656,76,160.52142857142857,1.6435699887423234,-0.5613153362663479
16438,6,5,748.6,458,72,149.72,1.4607672933500575,-1.0674543412687896
16440,8,5,2726.67,1596,178,545.3340000000001,3.2389976883853095,0.32407186087859036
16441,67,2,358.75,171,20,179.375,-0.5010093268830677,0.3166733011619699
16442,2,3,502.69,372,152,167.56333333333333,1.5261979652777165,-1.001072609751041
16444,46,4,510.87,329,64,127.7175,0.5611168841923251,-0.31833125313973204
16445,34,1,208.06,109,60,208.06,-0.47296103562005687,0.49293660602316314
16446,206,1,2.9,2,2,2.9,-6.529917286688297,-2.7442042400498283
16447,136,1,119.66,74,27,119.66,-1.6581142382102563,0.4885454756556837
16448,198,1,163.39000000000001,76,18,163.39000000000001,-1.6405170873959265,0.8795814818943645
16449,198,2,606.54,356,34,303.27,0.14787651294391208,1.3170810025811506
16450,150,1,160.0,128,8,160.0,-1.7083477933098687,0.7096925707594449
16451,88,1,217.17000000000002,108,13,217.17000000000002,-1.2360427343360938,0.7829454380623918
16454,45,2,6.9,3,2,3.45,-5.536982923596944,-3.504583904931069
16455,64,7,1841.18,988,69,263.0257142857143,1.9745853170930745,0.20822155848309465
16456,99,5,559.32,381,65,111.864,0.5412280723237647,-0.2266129323857495
16457,218,1,161.56,68,8,161.56,-2.0092362246259343,0.8329826988671303
16458,3,18,3016.9,1902,51,167.60555555555555,3.2101021550201474,-1.9179705346248435
16460,28,3,729.49,742,124,243.16333333333333,1.492318243399786,0.2980539829308569
16461,178,1,76.67,42,25,76.67,-2.2972720201328722,0.1739609662653839
16463,21,4,1295.48,873,68,323.87,1.8397094499435163,0.23877828468537368
16464,20,3,1103.27,699,141,367.75666666666666,1.9194809811566793,0.5297249066256362
16466,34,7,1276.42,647,93,182.3457142857143,1.785289578443475,-0.3686573858191418
16469,24,4,548.18,262,139,137.045,0.9797474861983014,-0.46502520681164733
16470,52,4,674.52,441,113,168.63,1.0849131700120007,0.04387149968737964
16471,275,1,223.95000000000002,141,13,223.95000000000002,-1.3638083762929927,1.301003258133583
16473,165,3,248.6,169,15,82.86666666666666,-1.0966738343757496,-0.18974791326549345
16474,7,6,1598.3400000000001,857,227,266.39000000000004,2.728443143320932,-0.468024402928397
16475,144,3,417.70000000000005,254,22,139.23333333333335,-0.36609517661212876,0.26158810370446023
16477,64,7,2450.7200000000003,1317,108,350.1028571428572,2.4821934631321394,0.5164648119054023
16478,25,2,211.66,138,11,105.83,-1.007384667724649,-0.6082877898164737
16479,10,2,255.63,97,32,127.815,-0.39227451174352646,-0.7340609104591234
16480,76,1,374.57,295,40,374.57,0.0186517356515511,1.3606097709404235
16482,16,1,167.34,202,15,167.34,-0.799645065748692,-0.08315500675888254
16483,192,1,95.7,41,16,95.7,-2.318724430137659,0.35498938853117834
16484,174,2,376.8,198,23,188.4,-0.5630461333300119,0.7771942004204703
16485,77,1,279.35,227,37,279.35,-0.3409924247451638,1.087398332966059
16488,33,3,290.3,298,20,96.76666666666667,-0.31354771686146327,-0.6582215082627431
16491,47,1,558.44,392,34,558.44,0.4774855193694833,1.5131349953497664
16493,80,4,802.8000000000001,575,32,200.70000000000002,0.7293790685616668,0.2737852360965247
16494,297,1,642.81,495,42,642.81,0.35555268021611863,2.4347701979597662
16495,3,2,446.81,270,69,223.405,0.9399113523464357,-0.538001527529979
16496,9,3,1259.63,948,79,419.8766666666667,2.0676757667619774,0.3002221617470988
16497,50,6,1991.93,1219,100,331.98833333333334,2.2984878815610115,0.4459237268639346
16498,161,2,93.02000000000001,44,14,46.510000000000005,-2.3725132060174046,-0.6002183828050913
16499,360,2,294.55,121,16,147.275,-1.2315199545437676,0.8032918840495813
16500,5,5,235.86,122,7,47.172000000000004,-0.7763991281121766,-2.4180904662170324
16503,107,4,1124.28,536,57,281.07,1.132741186793027,0.7343603008304705
16504,25,1,470.34,488,75,470.34,0.8656967938603092,1.1938684247851026
16506,20,2,90.30000000000001,42,3,45.150000000000006,-2.4934712580251284,-1.6079237234572938
16509,297,1,169.50000000000003,46,6,169.50000000000003,-2.27886211273155,0.954973171831906
16510,372,1,178.55,85,9,178.55,-1.9250630340225452,1.1668138325332578
16511,22,3,699.26,323,119,233.08666666666667,1.1921518366426533,0.10623761553638056
16513,19,1,509.34000000000003,306,29,509.34000000000003,0.4452179369898416,1.0358847889062532
16515,52,5,1097.8700000000001,574,79,219.574,1.437978933993855,0.1354545764454141
16516,30,1,101.69999999999999,58,6,101.69999999999999,-2.1021123966600994,-0.4194619238273893
16517,277,1,154.75,95,16,154.75,-1.7210332254148935,0.976668908992498
16518,61,2,376.07,273,33,188.035,-0.0817447359217016,0.3942217966624723
16519,25,2,74.38,42,7,37.19,-2.413735891801789,-1.6186078609158852
16520,186,3,912.72,544,119,304.24,1.1322291964416584,1.2491786373979958
16523,2,17,2216.36,1560,95,130.37411764705882,3.195147122508423,-2.1748531337066046
16525,2,18,774.49,471,21,43.02722222222222,1.3528476601716206,-3.3796063802030334
16526,172,1,166.26,90,10,166.26,-1.75424384340377,0.7958307184849998
16527,81,1,219.81,105,13,219.81,-1.2186906380582867,0.7572712534109106
16528,4,1,175.02,130,13,175.02,-0.7085367568008815,-0.5981121623476694
16529,190,1,347.4,175,25,347.4,-0.6108622562220578,1.599352131412559
16531,22,7,1050.32,710,59,150.04571428571427,1.57734095076063,-0.749162698114295
16533,19,3,851.97,475,104,283.99,1.4650263102951835,0.231602787749539
16535,5,1,384.63,302,26,384.63,0.44009001456057223,0.27693278134663385
16536,110,1,357.02,232,40,357.02,-0.18625095946809814,1.4565527720767542
16539,3,4,617.21,365,30,154.3025,0.9913882866647283,-1.2495082963660247
16542,54,1,66.52000000000001,28,4,66.52000000000001,-2.9524476702992346,-0.6220608351544092
16545,165,1,25.200000000000003,12,1,25.200000000000003,-4.602469845721215,-1.1211285765742838
16546,291,2,321.05,271,15,160.525,-0.8504213327987117,0.8356279594907134
16549,10,10,3770.54,2257,426,377.054,3.992828776572714,-0.21455712031659063
16550,109,5,1934.1,1210,149,386.82,2.247585343258324,1.0399518414271174
16551,96,3,338.18,318,18,112.72666666666667,-0.4396390101354411,-0.09247359156810946
16552,243,2,189.19,105,11,94.595,-1.6846185613156803,0.21532728512396326
16553,205,4,408.8,218,16,102.2,-0.6238735143290586,-0.043713314113783756
16554,42,3,703.2,368,45,234.4,0.7229228887785023,0.2921527997559505
16555,35,2,269.39,173,14,134.695,-0.7179962300044297,-0.22822336554659603
16556,67,7,2178.0,1636,113,311.14285714285717,2.4756025737783536,0.4513330808167076
16557,24,2,82.3,34,4,41.15,-2.589302208119256,-1.606447293531084
16558,1,20,6032.37,4003,218,301.6185,4.770053158543831,-1.583929291796371
16560,27,2,573.46,466,42,286.73,0.7131256040446541,0.48360551102196486
16561,6,2,494.12,242,28,247.06,0.5045209344329762,-0.3057739131291431
16563,54,1,205.7,122,11,205.7,-1.1912166363733123,0.527793028346239
16565,364,1,35.7,6,2,35.7,-4.570446749226052,-0.5002839692072267
16566,15,5,150.48000000000002,120,9,30.096000000000004,-1.2583311723334254,-2.3689667163870425
16567,194,2,494.8,320,26,247.4,-0.1509995291721206,1.1008038112275371
16569,3,1,31.5,75,3,31.5,-2.6971637015148517,-2.314397148770192
16570,15,9,1496.81,909,47,166.3122222222222,1.963669161600407,-0.9666572559268762
16571,27,3,1249.37,859,66,416.45666666666665,1.7288868115289082,0.7014789531017938
16572,127,3,855.5500000000001,517,33,285.18333333333334,0.6409786872912029,0.9131028198960593
16573,85,2,525.96,345,32,262.98,0.1841587149897867,0.8344264612852873
16574,71,1,409.14,366,26,409.14,0.013964656219695679,1.3841235710907633
16581,183,1,105.84,134,9,105.84,-2.017909452843022,0.44844117375320197
16582,113,1,50.099999999999994,68,4,50.099999999999994,-3.0183770331792372,-0.5025843371696964
16583,374,1,233.45,111,14,233.45,-1.4567102519879027,1.4563663711428483
16584,80,2,393.68,208,18,196.84,-0.43537047230316334,0.4737864398045108
16586,249,1,48.75,19,3,48.75,-3.750358659089147,-0.29862434862317844
16587,232,1,127.85000000000001,63,8,127.85000000000001,-2.234251183161393,0.6517822925582092
16589,71,3,459.24,368,31,153.08,0.12834926114530637,0.10526230781795062
16591,69,1,107.30000000000001,26,9,107.30000000000001,-2.379438262704803,-0.049745668906175294
16592,4,16,3290.03,2374,133,205.626875,3.6725206540660413,-1.4693505862540983
16593,51,2,104.47999999999999,51,14,52.239999999999995,-1.9803881480793575,-0.9676723048582767
16594,75,1,123.44,58,47,123.44,-1.3759115753157491,0.3032146593928162
16595,61,1,341.96,333,81,341.96,0.3154065787925295,1.2634385144489781
16596,16,2,154.25,67,9,77.125,-1.495317456943366,-1.1224736424690396
16597,4,1,44.24,44,5,44.24,-2.5118992576614545,-1.9294202590631804
16598,286,1,145.05,73,10,145.05,-2.047645368394085,0.8763848952748335
16600,4,6,658.1,851,43,109.68333333333334,1.4698734420135702,-1.5870200655081885
16601,41,1,163.01,91,25,163.01,-1.1113588953123341,0.2667646657065103
16602,36,1,418.25,263,26,418.25,0.057708999218798,1.1028143131946082
16603,75,2,465.97,379,32,232.985,0.14959681311406658,0.6837743371592611
16607,18,12,2035.07,1965,120,169.58916666666667,2.852958632732579,-0.9177225618661303
16609,15,7,4133.47,1995,135,590.4957142857144,3.442184134023725,0.4309443802773486
16610,219,1,75.66,66,6,75.66,-2.7170696891538646,0.15533809322333433
16611,186,1,129.49,47,9,129.49,-2.238267730695549,0.5617058006868304
16612,33,4,1036.76,488,41,259.19,1.158767851952004,0.14359451309635127
16613,70,1,586.7900000000001,289,29,586.7900000000001,0.25888531966203726,1.685913495781878
16614,183,1,238.29000000000002,189,14,238.29000000000002,-1.0927127908689171,1.2103784424172783
16616,15,2,380.92,360,29,190.46,0.27514733862032753,-0.15585425734874897
16617,236,1,26.0,24,2,26.0,-4.257078582383387,-0.8651867678871707
16618,31,4,1308.68,864,58,327.17,1.6992043129143026,0.3892483957182762
16619,264,1,226.21,133,14,226.21,-1.3404059748700188,1.2953229409611466
16620,4,2,144.96,84,8,72.48,-1.2370809307025068,-1.683817824856706
16621,52,4,282.71000000000004,191,18,70.67750000000001,-0.6196699711378911,-0.9281061165009008
16623,246,1,64.05000000000001,27,4,64.05000000000001,-3.3238393014936,-0.027500501705511212
16624,81,2,304.19,153,32,152.095,-0.5313656822724759,0.2873752389783859
16625,275,1,300.68,160,21,300.68,-0.9047967691102632,1.6068480770813625
16626,1,16,1977.18,1114,69,123.57375,2.936925285608486,-2.403863734257381
16627,79,1,162.38,98,10,162.38,-1.5732647919415517,0.45778691154986123
16628,30,5,1634.25,1069,74,326.85,2.0695129079608816,0.29029023522343894
16629,74,2,338.05,269,52,169.025,-0.03520894426986944,0.4222296840254555
16633,17,6,2069.5,938,88,344.9166666666667,2.411282970950532,0.013848162359708682
16634,372,1,119.4,60,6,119.4,-2.509104692825049,0.7632687071643032
16637,32,4,875.86,650,58,218.965,1.2719024081773376,0.03533669279957511
16638,23,10,943.09,774,63,94.309,1.5797255244519515,-1.3345275444557798
16639,31,3,804.21,421,39,268.07,0.886491569822555,0.2804420309715573
16641,106,1,123.38000000000001,62,7,123.38000000000001,-2.1445614797832464,0.2829917251022099
16642,5,2,341.83,221,20,170.915,0.08544452507943118,-0.7255799651196378
16643,246,1,401.31,217,24,401.31,-0.49124009957329395,1.8425892589738344
16644,178,2,813.88,824,61,406.94,0.936382749076319,1.6360306123048431
16647,170,2,142.42,94,10,71.21,-1.9042418301299247,-0.1931628416626591
16648,43,1,267.26,245,18,267.26,-0.5003134543291066,0.7493788354270545
16650,72,1,288.78,254,19,288.78,-0.5165369129160423,1.0357737902565074
16652,59,5,975.0500000000001,451,26,195.01000000000002,0.7950050607067668,-0.03256007944693772
16653,16,2,983.91,704,57,491.955,1.5185632513697915,0.7980098303773223
16654,141,4,341.37,177,20,85.3425,-0.6748606927859395,-0.3486879321679877
16655,18,6,2328.86,1938,191,388.1433333333334,3.0636915560812583,0.2581841561492391
16656,151,6,154.68,76,5,25.78,-2.081584080446373,-1.7363067496259288
16657,10,4,815.65,932,152,203.9125,1.968347442304616,-0.37409749086513416
16658,368,1,22.14,22,6,22.14,-4.167474288420276,-0.7402430531491426
16659,189,1,20.4,24,1,20.4,-4.555100894028334,-1.1979632879628406
16660,16,2,205.97,131,9,102.985,-1.0274424899554746,-0.8302010267626787
16665,362,1,39.25,19,5,39.25,-3.8376964843143293,-0.2889072215049811
16666,19,1,118.98,233,32,118.98,-0.7622865026539151,-0.23287466420419065
16667,68,2,472.93,229,47,236.465,0.1502380445926753,0.6583605382250199
16668,15,6,247.56,258,9,41.26,-0.5777118033513531,-2.1547077000629375
16669,24,3,1132.17,764,128,377.39000000000004,1.8955229793892676,0.6220444144530789
16670,17,11,3472.7200000000003,2192,157,315.7018181818182,3.422780661443049,-0.3157552562730056
16672,2,9,509.1,222,10,56.56666666666667,0.3812068144290256,-2.826689304578564
16674,55,2,309.21,187,88,154.605,0.03457514900455277,0.2474826584787347
16676,34,4,1023.78,572,56,255.945,1.3222070109696364,0.18369961994595344
16678,3,11,2093.46,1726,86,190.31454545454545,3.026755969421918,-1.4560225712748127
16679,366,1,15.0,4,1,15.0,-5.513818589371648,-1.2803381036547778
16680,43,1,149.7,90,8,149.7,-1.617170263137808,0.112764686921625
16681,78,5,369.04,307,13,73.808,-0.4331016080473351,-0.8424681259359806
16682,5,5,243.66,206,10,48.732,-0.43459320359745607,-2.326568229629694
16684,358,1,25.44,24,1,25.44,-4.526955561625096,-0.7473362323258671
16685,61,1,227.82,338,52,227.82,-0.1745156033580955,0.8714543499283136
16686,47,7,2376.23,1732,373,339.4614285714286,3.1169932778137572,0.49572575033140703
16688,1,4,866.18,656,45,216.545,1.7811055390888617,-1.1714150098893157
16689,82,1,132.72,84,6,132.72,-1.9762885419953544,0.24668142794716835
16690,72,2,156.43,101,9,78.215,-1.6564761625093345,-0.4734170313028468
16693,69,2,366.01,194,50,183.005,-0.09088437536355017,0.43726060270103134
16696,214,2,88.50000000000001,30,3,44.25000000000001,-3.1375972389178552,-0.671923610963233
16697,241,1,50.85,20,13,50.85,-3.1913766221438005,-0.15603445900292987
16700,9,13,4519.31,3562,149,347.6392307692308,3.93630427977533,-0.5554562031699598
16701,9,10,713.39,625,41,71.339,1.305836806440979,-1.9948030001374841
16705,1,16,2035.93,1084,54,127.245625,2.8536080194700633,-2.4028811473770784
16706,37,3,398.1,238,100,132.70000000000002,0.458118922883866,-0.20697035377949566
16708,46,1,365.23,217,21,365.23,-0.2532813356572408,1.0537362908538381
16709,85,4,961.87,377,34,240.4675,0.7297698532001204,0.4335194564065362
16710,19,10,2137.4900000000002,1609,254,213.74900000000002,3.0839416428782336,-0.5266728605838038
16711,3,2,64.68,36,2,32.34,-2.55903216412702,-2.6225859427086045
16712,18,10,2557.6,1473,228,255.76,3.1619460384976117,-0.40843281593868136
16713,19,15,4215.22,2995,293,281.0146666666667,3.954647692440719,-0.4882507419430769
16714,317,1,838.88,600,72,838.88,0.8334740480181512,2.755339766043061
16715,78,1,99.39999999999999,234,13,99.39999999999999,-1.5460878611830189,0.10775821760326985
16717,24,6,2913.78,1576,153,485.63000000000005,3.0175971309052376,0.5336418392786029
16718,369,1,453.43,291,36,453.43,-0.2203012724390361,2.173625791173752
16719,15,7,1284.17,944,86,183.45285714285714,2.0675317694263966,-0.673942546729989
16720,26,1,116.57,131,21,116.57,-1.2141625437665395,-0.20007838171948183
16721,262,1,292.47,172,37,292.47,-0.6712574803111052,1.6183827324450317
16722,17,13,2701.77,2935,82,207.82846153846154,3.093641224177737,-0.8232956182051742
16723,108,1,246.99,174,29,246.99,-0.7021147616794636,1.0814922807505654
16725,302,7,602.6800000000001,245,98,86.09714285714287,0.38983696256177514,-0.17096640537600633
16726,26,5,1155.43,914,113,231.086,1.9364755282559925,-0.03939035024606419
16727,364,1,272.82,177,41,272.82,-0.7475894514316188,1.706588898258227
16728,46,4,845.17,655,205,211.2925,1.6694324370817146,0.269909245390146
16729,38,21,6007.14,4552,219,286.05428571428575,4.171334665813949,-0.4080984022830054
16730,52,3,627.87,672,71,209.29,0.9849921518318344,0.36266940845498735
16732,32,1,381.63,221,21,381.63,-0.1344838646297687,0.9448902413366908
16734,52,3,465.91,294,39,155.30333333333334,0.21494279009413791,-0.004389144351177607
16735,79,5,1641.3,1111,80,328.26,1.9099577635834897,0.7009112651969996
16738,298,1,3.75,3,1,3.75,-6.512149746499909,-2.4376527719765124
16739,177,1,142.20000000000002,76,8,142.20000000000002,-2.024479835741324,0.6429494976535796
16743,29,7,1926.01,1743,85,275.14428571428573,2.467852651973654,-0.020362020787689977
16744,11,7,1046.8700000000001,701,184,149.55285714285716,2.163338857428097,-0.9201978203517447
16745,87,17,3324.68,2163,139,195.56941176470588,3.044542410830601,-0.35189866983232293
16746,5,18,4987.33,3336,200,277.07388888888886,4.26348035765547,-1.1495229203568926
16747,38,2,590.73,354,26,295.365,0.37820737178188035,0.5867759890161262
16748,18,5,1045.3,640,39,209.06,1.386009153892408,-0.3945083875889843
16750,45,5,414.13,197,67,82.826,0.24823161603517266,-0.8510945598377617
16751,31,1,216.02,277,19,216.02,-0.5335782390223123,0.444273696331759
16752,373,1,77.7,48,5,77.7,-2.9877645656120655,0.36566462143503986
16753,58,1,115.72,146,30,115.72,-1.2148828728942835,0.16017104927794654
16755,114,3,1177.94,780,118,392.6466666666667,1.5676990137981945,1.2896025032224048
16756,215,1,213.9,104,12,213.9,-1.4855161558075491,1.1318951132430397
16757,319,1,106.83000000000001,81,7,106.83000000000001,-2.402087416764733,0.6348999822879263
16758,65,1,168.26,112,15,168.26,-1.3051358527248482,0.45160965733808667
16759,8,3,593.3,502,31,197.76666666666665,0.8985664505467161,-0.523995292633657
16761,97,1,195.9,173,10,195.9,-1.265221780258085,0.7420452415897454
16762,20,3,1232.13,575,48,410.71000000000004,1.510256240601404,0.5134805419254039
16763,199,1,287.45,263,17,287.45,-0.7706037872715111,1.446432862642916
16764,4,13,2547.15,1231,195,195.9346153846154,3.356520258213339,-1.3874248133761953
16766,273,2,572.6,316,10,286.3,-0.47408033157783336,1.2852164279686598
16767,31,10,2983.55,2462,117,298.355,3.0904683500964096,-0.08484445613833101
16768,48,3,223.69,94,36,74.56333333333333,-0.7879068979350867,-0.7514071289740974
16769,260,1,209.14000000000001,65,25,209.14000000000001,-1.4358048240844763,1.2261242674142443
16770,58,5,696.0500000000001,459,111,139.21,1.10836515345741,-0.19720922697102558
16771,33,5,1823.39,1223,180,364.678,2.5372912721397225,0.5151346184790971
16773,57,1,106.89,49,19,106.89,-1.84021311012165,-0.026826776744086622
16774,68,4,520.82,224,35,130.205,0.11672678405245679,-0.22102497252672243
16775,10,11,1141.6100000000001,372,71,103.78272727272729,1.6946778687463502,-1.6741888028674554
16776,60,1,328.33,249,59,328.33,0.056694170133380364,1.173229486161931
16777,80,2,138.05,54,36,69.025,-1.477791172934209,-0.45532154619085047
16778,74,2,228.94,192,15,114.47,-0.9435158446615957,-0.048435330515511105
16779,2,22,3774.79,2532,133,171.58136363636365,3.9616888031355337,-2.040334048887392
16780,100,2,389.74,268,48,194.87,-0.0209089723509327,0.6625237031277634
16781,372,1,216.8,102,12,216.8,-1.601578764076449,1.371176558058601
16782,10,13,1703.9,628,91,131.06923076923078,2.3196308050763594,-1.5195453012516622
16784,20,1,60.0,16,2,60.0,-3.2201999736740845,-1.1964127506800697
16788,123,2,579.03,309,136,289.515,0.7097788863297102,1.1969254129345281
16789,8,1,80.80000000000001,32,5,80.80000000000001,-2.2839452376881946,-1.187967472433959
16790,4,6,1485.38,858,85,247.56333333333336,2.383690558581637,-0.819507626360543
16791,29,7,1430.38,735,207,204.34,2.2731155603678657,-0.25208333525492216
16792,282,1,87.67999999999999,42,9,87.67999999999999,-2.6750273563257196,0.39195712511205044
16793,57,1,226.84,144,15,226.84,-0.95084771293779,0.6724109373572519
16794,1,10,1143.05,772,137,114.30499999999999,2.5823403931043307,-2.1380909657205085
16795,365,1,392.18,237,62,392.18,-0.19382864952815151,2.079449544838552
16796,89,1,256.12,176,17,256.12,-0.8318214467865629,0.985726173192648
16800,11,1,856.82,414,125,856.82,1.6523741817627113,1.4275884439382778
16801,163,4,654.0500000000001,305,37,163.51250000000002,0.23993813462796715,0.3637761530390241
16803,65,1,332.3,245,24,332.3,-0.30731431980691537,1.133812538954566
16804,23,3,445.84000000000003,202,54,148.61333333333334,0.34562036616177705,-0.36903585826359037
16805,174,2,365.31,277,88,182.655,0.05836839816292623,0.8946662866225902
16806,103,4,598.39,338,60,149.5975,0.4961439280502704,0.14692334688339911
16807,143,3,934.69,723,49,311.56333333333333,0.96096439283571,1.0970966765150099
16808,99,2,161.77,137,20,80.885,-1.292450770550276,-0.22364293260105644
16809,23,5,882.59,648,76,176.518,1.4678042401473812,-0.38116836112852326
16810,192,1,230.24,100,13,230.24,-1.387214902304866,1.1528899738960117
16811,5,2,464.23,259,22,232.115,0.42077860727731203,-0.44168327896121623
16812,361,1,204.15,57,12,204.15,-1.8508325394793144,1.269057006445815
16813,8,10,1426.37,1142,237,142.637,2.787515714306806,-1.2401781321187568
16814,14,21,3336.52,1918,98,158.88190476190476,3.2828675269380665,-1.4489392471468157
16816,103,4,401.16,272,27,100.29,-0.20927244621909383,-0.2853106042851091
16817,3,9,1215.1100000000001,687,61,135.01222222222225,2.1038016790898038,-1.72212948144416
16818,11,11,2871.55,1898,158,261.05,3.311595698448294,-0.6593288215486927
16820,96,1,415.94,254,21,415.94,-0.2524055275697795,1.4803867910847026
16823,227,1,269.68,126,28,269.68,-0.9243656345069621,1.4427616664050733
16824,16,2,357.74,218,20,178.87,-0.11180464132023546,-0.2507772386590346
16825,39,2,379.88,250,19,189.94,-0.22194866214773648,0.16403968302922514
16826,51,1,279.45,151,18,279.45,-0.6764210013729055,0.8265970389889845
16828,112,1,113.5,58,7,113.5,-2.2459004626921475,0.2295360826936063
16829,157,1,181.32,97,10,181.32,-1.6391665316965527,0.8377024603189797
16830,39,1,325.91,264,23,325.91,-0.2022629949341597,0.9082111119988925
16832,217,1,39.0,18,5,39.0,-3.749516618399588,-0.5113048164104911
16833,1,4,749.88,355,40,187.47,1.3988104287921916,-1.3470761145526733
16834,228,1,413.46,358,24,413.46,-0.2700658853768732,1.8693598723418927
16835,128,2,133.15,55,7,66.575,-2.214480912690159,-0.4332826045895422
16836,40,2,175.55,93,10,87.775,-1.4310227844932475,-0.6123267844111889
16837,31,9,2004.05,1259,101,222.67222222222222,2.4621084708714505,-0.33183361181082754
16838,197,2,313.34000000000003,156,20,156.67000000000002,-0.875057944167173,0.6413613520694934
16839,9,26,2128.29,1279,68,81.85730769230769,2.7575934003339806,-2.3900754554506958
16841,37,6,1328.3,1422,87,221.38333333333333,2.0433205771080387,-0.031588383283348793
16842,101,3,935.49,659,38,311.83,0.9041745841394971,0.9241096626384229
16843,43,16,4787.87,3493,152,299.241875,3.6857757816746917,-0.19534258084505296
16846,50,1,197.82,133,10,197.82,-1.2092096796994944,0.45979746870975197
16847,43,1,176.94,76,11,176.94,-1.4310019986744016,0.2733330280087175
16848,53,1,234.62,158,13,234.62,-0.9285807681734388,0.66523732554336
16849,187,1,84.77000000000001,29,6,84.77000000000001,-2.8852359307079714,0.1347322810927164
16850,334,1,317.29,213,18,317.29,-0.8601868675683053,1.7395412324700883
16851,4,3,282.69,199,15,94.23,-0.16917648621588752,-1.5358753207665414
16852,10,2,70.96000000000001,51,6,35.480000000000004,-2.246262667102447,-2.0189637154336992
16855,24,2,285.8,160,16,142.9,-0.569582678720688,-0.3232599873698225
16856,15,1,35.400000000000006,12,2,35.400000000000006,-3.6670550591191957,-1.777182517783144
16858,369,1,92.4,24,4,92.4,-3.166895998631148,0.44920810462407795
16859,145,2,587.63,682,41,293.815,0.4991030244315492,1.2192612186559484
16861,60,2,112.80000000000001,44,4,56.400000000000006,-2.447654621611898,-0.9473609644849142
16863,31,2,438.88,321,23,219.44,0.1042792661599979,0.22890958358368851
16866,141,2,18.24,26,6,9.12,-4.074685810557778,-2.1086245246892097
16869,23,4,699.09,428,104,174.7725,1.2430039029917501,-0.26670219449095667
16871,22,6,1829.44,1072,107,304.9066666666667,2.3859090071520423,0.03633895982041417
16873,5,6,4390.64,2562,141,731.7733333333334,3.7986273879643604,0.3161591424180874
16875,67,5,1643.83,1021,80,328.76599999999996,1.916159456802528,0.6286488115173544
16877,12,6,779.87,456,106,129.97833333333332,1.5239636255141757,-0.99776246830327
16878,84,1,13.3,12,3,13.3,-4.658152004303602,-1.863731267497568
16880,31,7,779.52,608,96,111.36,1.4058531978879028,-0.8336684568047543
16882,67,3,489.87,381,33,163.29,0.2286431303417166,0.14509780390152555
16883,187,2,213.03,98,29,106.515,-1.1922243020502195,0.28955151984125843
16884,38,2,399.96,284,25,199.98,-0.024640597899019446,0.23084966251338818
16885,15,3,338.41,169,71,112.80333333333334,0.2605702768583618,-0.7635162048106093
16887,35,1,170.13,154,33,170.13,-0.7472467402439437,0.29829786407770975
16889,195,3,1234.24,845,99,411.41333333333336,1.4471893890093404,1.5424829592729201
16891,2,5,653.7,267,157,130.74,1.6532605622796845,-1.502613349255699
16892,1,5,375.34000000000003,227,77,75.06800000000001,0.9640601667452114,-2.2272608347683938
16893,367,1,126.03,60,42,126.03,-1.7371446804872104,0.9738707983443943
16895,65,1,191.99,99,54,191.99,-0.7513504695390176,0.6731738405504892
16897,299,2,154.23000000000002,59,25,77.11500000000001,-1.787412738317827,0.16113903463203497
16898,26,3,449.32,378,145,149.77333333333334,0.9432398824268037,-0.18097778038955126
16899,8,6,812.11,423,68,135.35166666666666,1.4337044534637724,-1.1626988289101692
16900,17,3,707.1,542,70,235.70000000000002,1.2320108111742958,-0.0021036907928164202
16902,116,1,511.39,387,27,511.39,0.11869415822662652,1.7882692455644082
16903,29,1,336.84,258,46,336.84,0.14751186112845166,0.8776073339408073
16904,4,14,2674.75,1556,346,191.05357142857142,3.718463199839373,-1.3871742070825144
16905,5,7,1712.8500000000001,917,97,244.69285714285715,2.5471820990961294,-0.8260518619926276
16906,82,4,344.26,172,67,86.065,-0.0906435248960662,-0.45848029758591374
16907,29,5,557.24,206,78,111.44800000000001,0.6517203603628201,-0.7574478194222485
16909,72,1,213.72,178,13,213.72,-1.0252411081228894,0.7184428031389793
16910,4,8,1137.51,846,296,142.18875,2.6921741193165705,-1.3531435731730292
16912,29,11,1368.68,775,66,124.42545454545456,1.854905267499668,-1.0561424587682273
16913,290,1,14.29,7,6,14.29,-4.826988147690086,-1.2693083457052714
16914,36,1,128.61,78,22,128.61,-1.3744524981195418,-0.012600699064852967
16915,9,5,257.3,84,33,51.46,-0.3752391460022623,-2.0187175670075574
16916,24,2,512.03,362,121,256.015,0.9743772665419816,0.41884919420008804
16917,277,1,62.4,96,4,62.4,-2.91921068596356,0.08081948503769126
16918,50,6,923.52,653,91,153.92,1.4274676576426808,-0.2696471069252116
16919,156,11,1415.2,1245,122,128.65454545454546,1.9335983161905343,-0.24619926095585096
16921,61,1,161.54,170,49,161.54,-0.7171655535700628,0.5236759499344328
16923,12,16,5042.79,2465,281,315.174375,4.1122415736520574,-0.6267593728735944
16924,21,3,650.65,467,62,216.88333333333333,1.0205283308301758,-0.011014402354360738
16926,371,1,33.45,11,4,33.45,-4.224695869510853,-0.4644569391524875
16927,276,2,32.75,15,2,16.375,-4.313599978062632,-1.4701137036028997
16928,80,17,1900.12,1416,59,111.77176470588235,2.128303057639214,-0.9772581172712599
16929,4,7,1132.61,703,49,161.80142857142854,1.894710701723885,-1.3409292465660143
16930,26,3,293.83,285,44,97.94333333333333,0.0353737921751781,-0.6760766138235474
16931,5,21,4214.75,2846,428,200.70238095238096,4.398241930393218,-1.4677530442832252
16932,53,1,145.44,85,42,145.44,-1.079325746598408,0.3160428281833234
16933,1,2,299.09000000000003,196,33,149.54500000000002,0.3703280523298075,-1.264173089144905
16934,55,2,786.38,382,53,393.19,0.8300683316571927,1.0563336250251336
16936,26,1,246.89000000000001,136,54,246.89000000000001,-0.24289610884681712,0.537137792242435
16938,9,4,1737.19,939,201,434.2975,2.7008709328234244,0.2682558838685919
16940,52,3,2751.19,1894,216,917.0633333333334,2.970885657001053,1.8161099662403608
16942,13,9,1479.23,742,143,164.35888888888888,2.349719738066638,-0.943419961109759
16943,212,3,431.18,106,14,143.72666666666666,-0.9115337438580612,0.35350379850992764
16945,22,19,3881.64,2325,129,204.29684210526315,3.473163810512939,-0.949689435534311
16947,236,1,339.48,260,18,339.48,-0.6589078724677748,1.6661721892857415
16948,139,2,114.8,152,9,57.4,-1.894436492116161,-0.4395849809594729
16949,4,6,587.72,625,47,97.95333333333333,1.303735685818686,-1.696575797129631
16950,57,2,355.2,232,23,177.6,-0.3104055630694084,0.27372492280524047
16951,135,3,1125.06,1095,67,375.02,1.3936091776912445,1.289839415051991
16952,109,2,101.75999999999999,86,10,50.879999999999995,-2.102524673278421,-0.6716839994169154
16953,30,1,20.8,10,1,20.8,-4.441082282545365,-1.995033854659068
16954,1,7,672.21,553,30,96.03,1.4057888436664814,-2.23574768232058
16955,185,4,373.87,209,12,93.4675,-0.7944026935349707,-0.19129616372829344
16956,18,1,225.04,108,14,225.04,-0.8419885075020246,0.17329124678750002
16957,239,2,214.24,140,12,107.12,-1.4476341116876417,0.3417059759562363
16959,87,1,117.35000000000001,49,7,117.35000000000001,-2.2249690802420945,0.1427490379181662
16960,39,3,488.6,302,90,162.86666666666667,0.6528126579876988,-0.0026018405374911117
16961,116,1,234.17000000000002,125,14,234.17000000000002,-1.1563192915932956,0.9787550307651882
16963,187,1,110.55000000000001,35,7,110.55000000000001,-2.5573997019294423,0.3878249233953091
16965,227,1,117.4,102,21,117.4,-1.7661036545193434,0.6836745625285898
16966,45,2,38.05,25,2,19.025,-3.630043435999974,-2.066767956524117
16967,189,1,305.09999999999997,285,20,305.09999999999997,-0.6215650166615573,1.4962588953784421
16968,4,2,370.73,318,27,185.365,0.43611972267213606,-0.681157053646037
16969,39,3,522.2,460,35,174.0666666666667,0.48644171279988846,-0.004282644210553661
16971,38,1,116.21000000000001,61,29,116.21000000000001,-1.4472590479103613,-0.06906193788994995
16978,78,1,294.43,160,35,294.43,-0.4501740154849549,1.110556372233542
16979,4,6,772.5300000000001,384,48,128.75500000000002,1.3510803389468333,-1.4904117172440479
16980,255,2,717.61,549,65,358.805,0.6363194315216006,1.6560079061767516
16982,61,1,384.06,182,22,384.06,-0.3199662580011614,1.206136570738908
16983,13,7,1140.68,816,98,162.95428571428573,2.0021217120280212,-0.829882357868628
16984,88,2,2775.33,1667,286,1387.665,2.9291882955861315,2.5985569235879358
16985,17,9,1128.38,794,41,125.37555555555556,1.612393387136831,-1.1829338503708293
16986,30,1,20.8,10,1,20.8,-4.441082282545365,-1.995033854659068
16987,3,6,794.64,307,58,132.44,1.4155850367203617,-1.5567352067174418
16988,5,1,67.87,37,4,67.87,-2.353202258329289,-1.515393151364115
16989,98,1,33.0,20,1,33.0,-4.10869677584064,-1.0795573591963474
16992,11,5,1262.56,730,70,252.512,1.9132557709344762,-0.36116517488691496
16996,30,6,717.58,322,12,119.59666666666668,0.29833121008124036,-0.9251931103389203
16997,309,1,78.0,40,4,78.0,-3.081279634224182,0.2616701266634401
16998,150,2,15.4,4,1,7.7,-5.324574463902276,-2.44223979651383
16999,23,2,289.92,192,19,144.96,-0.41852519214570644,-0.30096496875824386
17001,1,11,2278.66,1301,61,207.15090909090907,3.0075176112656363,-1.7230874684459112
17002,86,3,750.3,412,32,250.1,0.5276842269873668,0.6199161446573869
17004,46,2,254.24,140,23,127.12,-0.7102226602797894,-0.1363456958435686
17006,5,4,499.98,215,32,124.995,0.5700570260141941,-1.290319057316767
17007,51,6,601.66,430,39,100.27666666666666,0.6006488707804817,-0.7366777580922974
17010,18,1,132.36,74,9,132.36,-1.5580243871264083,-0.34821339445917704
17011,30,1,270.9,186,15,270.9,-0.5811905478433426,0.5804256851909916
17014,8,3,428.88,216,59,142.96,0.588977276858558,-0.8010023842931883
17015,29,3,1747.79,1862,176,582.5966666666667,2.6487238326841,1.1632298803370988
17017,3,18,3122.4,2203,71,173.46666666666667,3.4207810780254326,-1.8482237726183282
17018,41,1,60.300000000000004,26,3,60.300000000000004,-3.085174566376164,-0.8446579501000064
17019,11,4,1045.81,772,156,261.4525,2.0877443129459827,-0.13208228465712152
17022,31,1,71.0,108,7,71.0,-2.1142780129724588,-0.6626699710920759
17024,99,2,56.25,45,1,28.125,-3.455555539932352,-1.4154864275103771
17025,61,3,99.65,79,5,33.21666666666667,-2.2617888011793172,-1.5242528571585279
17026,370,1,20.4,24,2,20.4,-4.539451810563264,-0.879728191496974
17027,79,6,791.51,402,103,131.91833333333332,1.080479418236616,-0.23456645259381312
17030,64,1,115.95,96,9,115.95,-1.8382248881741952,0.06960013422517214
17031,12,2,317.95,205,18,158.975,-0.20829501157061162,-0.478548249456582
17033,86,3,348.36,268,18,116.12,-0.45430242596639153,-0.12359126049870008
17034,16,3,287.26,235,16,95.75333333333333,-0.34038480993288633,-0.9928830238548532
17035,246,2,307.48,166,21,153.74,-0.8973692335354161,0.7260503814752011
17037,88,1,1182.32,646,70,1182.32,1.399779944729672,2.522409905404763
17038,30,1,88.25,25,19,88.25,-2.090532288440782,-0.49705093869411576
17040,138,1,159.78,152,12,159.78,-1.482194811796489,0.719311628848059
17041,27,3,964.65,835,56,321.55,1.4493789485930761,0.46003314938019085
17042,3,5,847.72,817,68,169.544,1.8686644221394908,-1.1618520934725176
17043,32,4,1105.38,728,82,276.345,1.6334986005779295,0.2763883940918041
17045,113,2,210.24,98,18,105.12,-1.2757905197419652,0.02592906665536971
17046,157,1,248.6,240,14,248.6,-0.9396230050282692,1.1987947570794
17047,85,3,882.9,508,49,294.3,0.9009858894041244,0.8086783727211422
17048,118,3,732.6500000000001,425,35,244.2166666666667,0.4863136600077167,0.7406534069671978
17049,3,9,3870.02,2247,165,430.0022222222222,3.8432144299403643,-0.5487313807618451
17050,96,6,2459.29,1329,148,409.88166666666666,2.511296932443434,0.9401886631125707
17051,194,1,237.19,183,39,237.19,-0.7281753378580647,1.320239789484184
17052,28,1,319.74,215,69,319.74,0.20733227274301305,0.8435630483803687
17053,131,1,179.4,62,7,179.4,-1.8959495650907952,0.6945558977071753
17054,28,5,729.88,692,45,145.976,1.0940024643964694,-0.5101096428263212
17058,82,3,843.6800000000001,487,44,281.2266666666667,0.8153899317222272,0.7417930157722032
17059,30,5,2563.81,1546,269,512.762,3.0722234967082165,0.8250369970277197
17060,266,1,50.400000000000006,24,3,50.400000000000006,-3.6579451661403524,-0.22809472018425292
17061,74,7,630.5,306,25,90.07142857142857,0.27657225759803045,-0.8275142817286755
17062,314,4,498.08,390,50,124.52,0.0887426682379021,0.4452003960681545
17063,21,7,1235.1000000000001,654,61,176.44285714285715,1.6983784808758704,-0.6298493600074424
17064,59,3,685.2,302,47,228.4,0.5749598628391284,0.4003553354250434
17068,12,21,4056.44,2082,110,193.16380952380953,3.5441031865545036,-1.3237074491664516
17069,28,9,2143.55,1405,96,238.17222222222225,2.5565361633025683,-0.3122828239044614
17070,114,1,292.24,131,61,292.24,-0.39284566715820235,1.2992107911717239
17071,28,9,1647.0800000000002,1008,86,183.00888888888892,2.1844069761462346,-0.572379899012397
17073,18,4,1143.02,680,125,285.755,1.9232934495646477,0.10869747367303871
17075,18,4,585.52,249,51,146.38,0.6770792156045294,-0.6188760785802377
17076,36,3,158.36,100,9,52.78666666666667,-1.4984980954726876,-1.2834297892320488
17078,36,2,78.67999999999999,220,16,39.339999999999996,-1.5516610993240953,-1.245746026797611
17080,22,1,85.8,60,4,85.8,-2.292551635418037,-0.7201593008412397
17081,25,2,211.76,70,49,105.88,-0.6796279068631573,-0.5184154435178475
17082,33,2,888.1,622,56,444.05,1.2338051596084962,0.9897267118375476
17083,109,3,645.8199999999999,480,22,215.2733333333333,0.26864141407766134,0.5644456618851962
17084,35,2,2250.9,1230,124,1125.45,2.5187670679271035,1.9397319906675738
17085,123,5,1370.95,689,104,274.19,1.6022935750608844,0.7214504576835384
17086,7,6,1266.3,1028,63,211.04999999999998,2.101873480096848,-0.7767179985219178
17088,28,4,1651.6100000000001,835,84,412.90250000000003,2.0386116550747047,0.581914685645836
17090,4,5,567.34,341,31,113.468,0.8789971541610228,-1.5442457026222565
17091,3,9,3271.9700000000003,1481,102,363.55222222222227,3.3681877544729693,-0.7662803316176482
17092,50,4,1550.59,898,93,387.6475,1.9316292451208281,0.7777739489091808
17094,322,1,135.5,122,11,135.5,-1.907904733210702,0.9083547768570317
17095,23,3,836.66,498,58,278.88666666666666,1.1971661386240546,0.24148345104837804
17096,15,4,682.29,263,37,170.5725,0.7296788278123226,-0.584295570328253
17097,2,8,799.72,446,146,99.965,2.0128654181277756,-1.9788496230194812
17100,18,2,948.34,764,64,474.17,1.54030606050368,0.8286071322824816
17101,52,2,341.28000000000003,228,21,170.64000000000001,-0.36329886131985567,0.19209497758394597
17105,159,2,560.98,582,72,280.49,0.6061552931184306,1.2586762786353005
17107,33,5,2901.23,1541,217,580.246,3.063043842627288,0.9509535844621478
17109,29,6,695.02,476,100,115.83666666666666,1.242347284859481,-0.7494985046503551
17110,165,1,76.1,42,8,76.1,-2.711178076918039,0.036843273528278944
17111,47,1,200.39,153,25,200.39,-0.790989817684911,0.5350316753750364
17114,6,8,442.17,181,61,55.27125,0.6897525082049522,-2.272458499242667
17115,8,3,524.1,254,23,174.70000000000002,0.4389998495405572,-0.7026213398214554
17117,288,1,73.35,63,6,73.35,-2.8177117612661493,0.24000832030064184
17118,318,1,157.02,154,10,157.02,-1.7400871558741002,1.037510925759909
17119,3,2,477.79,275,28,238.895,0.6468079778262069,-0.5610403611291908
17120,233,1,222.96,112,14,222.96,-1.3864164184185606,1.2195319693924718
17122,119,1,138.32,80,7,138.32,-1.9886097936628413,0.44615874604117783
17123,162,1,171.0,108,6,171.0,-1.834455039297654,0.7647629189315208
17124,185,1,267.09000000000003,126,28,267.09000000000003,-0.8873712982309747,1.349096789396475
17125,50,1,175.13,89,27,175.13,-1.0757279013940348,0.4156405360428017
17126,152,5,932.46,654,179,186.49200000000002,1.4485107801893469,0.5224150469600798
17128,335,1,131.59,73,11,131.59,-2.1239699758929094,0.8664092088946957
17131,5,4,1520.82,806,69,380.205,2.2280588636368064,-0.17022925688619214
17133,16,3,32.400000000000006,18,2,10.800000000000002,-3.635634267353053,-3.154200572800619
17134,107,2,244.15,81,11,122.075,-1.398536585016269,0.07707846768057053
17135,16,5,596.17,454,26,119.234,0.6855151346980796,-0.9859826478760785
17138,276,1,288.3,116,18,288.3,-1.1133107885734606,1.5373509696970404
17139,16,12,6390.07,3777,257,532.5058333333333,4.322250621783194,0.1416303166932799
17140,247,1,126.62,68,12,126.62,-2.0810504426873053,0.7088431993011137
17142,239,1,119.7,54,6,119.7,-2.4480885612179213,0.5739411345545847
17144,1,2,453.78000000000003,194,24,226.89000000000001,0.5724997354165879,-0.9326749477484113
17146,263,2,400.98,190,23,200.49,-0.6189397756850634,1.0006331206737344
17147,23,4,1122.92,718,59,280.73,1.580838550846472,0.12540683748032924
17148,52,1,124.88,82,9,124.88,-1.7917648675245712,0.03795147394878167
17152,195,2,92.7,69,6,46.35,-2.5616394411134924,-0.5656923022096002
17153,24,1,213.78,104,14,213.78,-0.9561772628689963,0.2413559639286543
17154,75,1,299.1,346,21,299.1,-0.3476965700790841,1.1121243329794446
17155,18,2,78.2,142,14,39.1,-1.6184460834505825,-1.5702892714664387
17157,8,2,192.64,136,10,96.32,-0.8890607990364446,-1.1429866532011959
17158,32,3,914.21,656,44,304.7366666666667,1.1888703995659575,0.4444489323215505
17159,22,3,1394.85,1034,91,464.95,2.0532567760439315,0.75644294640575
17160,31,6,3356.97,2596,108,559.495,3.1182632954785134,0.7603497562559413
17162,29,10,1293.26,953,64,129.326,1.8613592660011904,-0.9535221167217437
17163,78,1,63.7,14,2,63.7,-3.5092775622863877,-0.598262647485472
17164,33,7,2336.2,1488,86,333.74285714285713,2.5403759769389094,0.19034342959201792
17165,284,1,122.88,96,8,122.88,-2.158660445535114,0.7291043526562769
17166,39,2,150.09,63,11,75.045,-1.6532885174237724,-0.7744139928259326
17169,58,2,751.76,482,47,375.88,0.8200736789771401,1.043257841806384
17171,289,1,159.81,159,14,159.81,-1.5696813202232243,1.0438640447977454
17172,79,1,130.68,180,8,130.68,-1.6055310719453337,0.2907229863666821
17173,5,6,975.72,424,20,162.62,1.1921426956676513,-1.2848295411024433
17174,218,1,59.9,41,4,59.9,-3.2025701986963067,-0.10879759458010022
17175,44,4,850.1800000000001,510,36,212.54500000000002,0.9058079197536807,0.08007959478284249
17176,202,1,208.03,136,13,208.03,-1.367662638910092,1.106085186548444
17179,178,3,578.04,253,55,192.67999999999998,0.19881852973232186,0.7138272395005459
17180,56,4,673.12,580,84,168.28,1.049073160590279,0.0629869870316852
17181,57,1,44.6,21,18,44.6,-2.8410367352601247,-0.834714117908134
17183,8,6,636.48,372,30,106.08,0.8748456422761104,-1.4562537021338733
17187,227,1,114.35,80,7,114.35,-2.2788483627445264,0.5507543125062414
17188,11,7,1001.11,638,51,143.0157142857143,1.5860091690117621,-1.0835656030424397
17189,106,2,265.55,212,48,132.775,-0.4208281840726607,0.33954663771260407
17190,59,1,131.39000000000001,77,15,131.39000000000001,-1.6134330520664542,0.17366050971917954
17191,28,7,1752.46,1019,154,250.35142857142858,2.4417460327148004,-0.0964450670121047
17193,36,5,201.58,90,7,40.316,-1.4070795851168507,-1.8094427464339824
17194,361,1,76.12,49,21,76.12,-2.4693467383515935,0.4570667377724818
17197,30,1,348.46,110,18,348.46,-0.5028444402889729,0.7808165244789762
17198,24,3,354.97,256,74,118.32333333333334,0.36672636835998057,-0.5045005973252947
17201,54,1,155.73,86,35,155.73,-1.0964570683714807,0.3669828839117151
17203,36,6,721.01,546,86,120.16833333333334,1.2153084412176545,-0.6349355274368277
17204,175,4,816.5,454,32,204.125,0.4871274996334925,0.5981622060228363
17205,54,1,20.5,33,2,20.5,-4.005905712812534,-1.6553089799760337
17206,53,1,159.24,64,6,159.24,-1.836094762323377,0.20652636878432531
17211,27,8,1798.93,1117,130,224.86625,2.4498132556982193,-0.2929315045835552
17212,253,1,3.95,5,1,3.95,-6.296591750069884,-2.4436147572045765
17213,40,7,2176.2000000000003,1075,73,310.8857142857143,2.2605828592730206,0.17087497250684291
17214,60,6,730.07,251,64,121.67833333333334,0.7176828957266015,-0.49254751822323883
17217,234,1,32.15,11,7,32.15,-3.96642249985718,-0.6464463423061155
17218,4,10,1563.63,826,134,156.363,2.644473785888844,-1.4810761242556627
17219,32,1,105.98,88,23,105.98,-1.441138307679501,-0.2157663532545454
17220,24,14,2796.43,1781,288,199.74499999999998,3.376735677241791,-0.6826411303733183
17221,7,2,246.31,215,57,123.155,0.16075227713087925,-0.795250126725406
17222,65,1,298.5,121,26,298.5,-0.6157347723926568,1.002145501016736
17223,310,2,234.99,97,36,117.495,-1.1450527084415885,0.6040173152913626
17226,309,1,148.99,152,16,148.99,-1.6056256026999234,1.0199585807044833
17227,19,6,282.76,260,24,47.126666666666665,-0.15315161441592473,-1.8618049944846147
17228,16,8,1749.03,1322,134,218.62875,2.610054419327535,-0.5125570898579311
17229,96,2,308.81,184,38,154.405,-0.4228761909080172,0.39837770964236696
17230,264,6,490.7,286,24,81.78333333333333,-0.25232170161564055,-0.30049633887184474
17231,12,10,2685.82,1575,267,268.582,3.3709978138956744,-0.5059356944491706
17232,3,2,421.52,203,30,210.76,0.4648559196187229,-0.6831341188418142
17233,35,1,131.07,96,22,131.07,-1.2790632492306784,0.005688748161097336
17234,183,1,114.03999999999999,52,13,114.03999999999999,-2.1639476200628547,0.48317070461571016
17235,25,2,248.5,128,20,124.25,-0.6841996239323185,-0.4223929128970946
17236,13,6,739.98,366,83,123.33,1.2898693342719258,-1.049008792799942
17237,11,2,177.14,72,15,88.57,-1.0965041956353745,-1.1008167316592878
17238,3,17,3303.65,1711,275,194.33235294117648,3.903468941425621,-1.6042684566579644
17239,313,1,184.60000000000002,92,10,184.60000000000002,-1.7945328944746746,1.1375331548722216
17242,108,2,466.24,315,23,233.12,-0.12334472173010973,0.7935570749761685
17243,6,23,4194.17,1950,133,182.35521739130436,3.7710508169941095,-1.6784946451501292
17244,53,1,249.93,207,19,249.93,-0.6384640116927573,0.7708927191103735
17245,205,1,171.45000000000002,75,9,171.45000000000002,-1.8717980763423057,0.8748975818858538
17247,15,1,208.09,100,47,208.09,-0.42823007475230046,0.13715720068089227
17248,120,1,233.3,156,66,233.3,-0.48780076547434675,1.143813108568858
17250,4,2,240.17,147,50,120.085,0.05518839718829144,-1.0506625499327977
17251,363,1,249.28,106,35,249.28,-1.0646024085366113,1.579569129636998
17252,117,2,299.26,187,80,149.63,-0.19222506563621303,0.522653033944771
17253,18,1,113.01,37,13,113.01,-1.7943005797543554,-0.49760756075611917
17254,5,2,236.29,215,98,118.145,0.40508030726824357,-0.9016762371156398
17255,41,2,260.38,187,65,130.19,-0.15751124456544024,-0.049550463397634935
17256,107,2,99.6,69,11,49.8,-2.1593242162530006,-0.7037629221568991
17259,148,2,507.47,370,98,253.735,0.5004702506366281,1.1408528500949986
17262,227,1,12.45,6,4,12.45,-5.058245046767525,-1.5232662147128724
17263,208,1,63.440000000000005,36,23,63.440000000000005,-2.5657531298153478,0.05907431809800749
17265,139,2,510.1,388,100,255.05,0.5434033633297396,1.1241951815820534
17266,2,3,240.09,153,54,80.03,0.21367097757797518,-1.7922038700506273
17267,127,2,209.77,100,31,104.885,-1.0870362448736226,0.12253874577620208
17268,150,1,35.0,28,2,35.0,-3.87650119246498,-0.7939874653467348
17272,46,3,1256.07,1274,64,418.69,1.7503922746070344,0.9459996199085323
17274,35,1,85.42,47,23,85.42,-1.853369077786231,-0.40537139671232986
17277,228,2,868.95,400,62,434.475,0.6787964184159467,1.7504622543874269
17278,241,1,206.09,178,14,206.09,-1.2889054488554093,1.1955030765608787
17279,58,1,25.43,12,5,25.43,-3.929181256322342,-1.4442586817664866
17282,174,2,373.2,202,69,186.6,-0.13497921726903084,0.8701954298716886
17284,60,6,1542.43,1243,224,257.07166666666666,2.3846759749695656,0.37518881083164085
17286,22,1,145.42,117,43,145.42,-0.7684216453709681,-0.018837641481378266
17287,26,7,709.51,487,76,101.35857142857142,1.1961307695118943,-1.0220719550386177
17288,9,6,799.45,637,102,133.24166666666667,1.7068427875952394,-1.0680211496199552
17289,32,3,618.76,438,78,206.25333333333333,0.959354989876383,0.13228210900534995
17290,4,2,422.72,298,83,211.36,0.9559060313960722,-0.46908077479057714
17293,8,8,1276.11,747,86,159.51375,2.1176147980451834,-1.1302814517397322
17295,29,3,400.12,245,46,133.37333333333333,0.2182182259592023,-0.37121942858609985
17297,17,1,95.43,63,45,95.43,-1.2498676999845209,-0.5208113858372635
17298,101,2,187.48,157,21,93.74,-1.1131985900454064,-0.07519970776817071
17299,12,4,544.75,518,46,136.1875,0.9279119926168914,-0.8019999231575867
17301,21,1,166.43,146,58,166.43,-0.4552888673502856,0.12098956456740395
17302,15,5,818.98,508,64,163.796,1.341611423385587,-0.6474765578791308
17303,361,1,192.24,138,47,192.24,-1.0582457161981482,1.3961347570343154
17306,11,2,49.92,16,2,24.96,-3.281884814566077,-2.4311612013305033
17309,95,1,82.75,41,11,82.75,-2.419027580672358,-0.09524816729704455
17311,78,2,593.84,418,36,296.92,0.413938697244889,0.9273251004727419
17312,155,2,96.35000000000001,59,9,48.175000000000004,-2.39469516336004,-0.6051232958560797
17313,31,1,21.0,50,2,21.0,-3.7218768488201905,-1.8357235999863175
17314,25,8,1865.93,1269,107,233.24125,2.46394202606197,-0.301997395383366
17315,2,36,3500.67,2045,234,97.24083333333334,4.124664282054871,-2.8145556530266336
17320,100,3,701.6800000000001,466,41,233.89333333333335,0.5831661186300485,0.6549090253374334
17321,68,1,430.44,309,84,430.44,0.46114204363976263,1.5064807971977248
17323,15,7,921.0699999999999,776,125,131.58142857142857,1.8824033079490776,-0.9396099997030533
17324,18,4,321.09,365,32,80.2725,0.16020125402343155,-1.1547524019358462
17325,280,1,96.8,60,6,96.8,-2.611769114515476,0.4636881011506664
17329,14,2,284.40000000000003,87,22,142.20000000000002,-0.5597499653907967,-0.5527226670175654
17333,86,1,439.53000000000003,315,26,439.53000000000003,-0.025160602522924187,1.515841708355735
17334,302,2,136.62,109,7,68.31,-2.13643556090262,-0.009366549439765578
17337,151,4,1618.8700000000001,1184,392,404.71750000000003,2.3991969499968784,1.4243982672015938
17338,17,8,5733.83,2902,369,716.72875,4.2255417536752535,0.6876376121066985
17339,94,2,75.0,20,5,37.5,-3.066432629143386,-1.1423819556734427
17340,30,10,5059.7,3086,168,505.96999999999997,3.741036042426061,0.4087272464391682
17341,157,3,615.37,359,139,205.12333333333333,0.7688698482313209,0.8241386888425882
17343,355,1,168.74,54,15,168.74,-1.9334681929734137,1.1130939101279165
17344,46,1,135.57,64,30,135.57,-1.336747011979382,0.14829561285994658
17345,15,4,393.79,243,62,98.4475,0.4700794957604735,-1.017054098340744
17346,4,15,2142.51,1523,275,142.834,3.453126817210293,-1.7052607444991341
17348,15,5,951.08,918,167,190.216,2.0541434645440497,-0.39071686471824807
17349,179,1,47.55,60,5,47.55,-3.130771295607869,-0.34678838788815947
17350,8,4,866.15,655,59,216.5375,1.5572956167634684,-0.5165871695598901
17351,36,2,51.0,42,11,25.5,-2.620558339565108,-1.7513450270537754
17354,51,1,56.690000000000005,65,4,56.690000000000005,-2.766399065368184,-0.7287807171549099
17356,312,1,178.22,166,19,178.22,-1.369845050950089,1.1998432226274283
17357,24,2,189.97,110,35,94.985,-0.7257459396386827,-0.6299611040139391
17358,303,2,347.40000000000003,200,53,173.70000000000002,-0.4199659756862086,1.014650032084667
17359,11,1,56.15,50,11,56.15,-2.1957247190350393,-1.2863273484608815
17360,17,3,504.34,326,106,168.11333333333332,0.945287561804505,-0.2895883529558008
17361,49,2,340.85,128,20,170.425,-0.578410078843371,0.12476482764587005
17362,239,2,276.28,190,29,138.14,-0.8025462009344052,0.6592486158973674
17364,1,11,3213.19,2185,260,292.10818181818183,4.0425274915089755,-1.2569852366949856
17365,13,8,3756.63,3099,254,469.57875,3.8207392961256565,0.18444859978862735
17367,238,1,149.46,113,31,149.46,-1.3997749814914155,0.9535906982328788
17368,23,7,478.49,319,71,68.35571428571428,0.7319834488869013,-1.44427091489776
17370,73,4,398.21999999999997,418,27,99.55499999999999,0.014969599781808248,-0.40625381413037404
17371,17,3,210.64,103,73,70.21333333333332,-0.3053939612920579,-1.1519272101203373
17372,41,8,1232.8,703,205,154.1,2.075800032583004,-0.43820886803809633
17373,40,4,584.07,393,46,146.0175,0.6312049264869126,-0.2785300503253459
17374,219,2,109.07000000000001,37,6,54.535000000000004,-2.6817052049896706,-0.41832347011297855
17375,199,3,333.06,297,55,111.02,-0.2023099039293921,0.2940602308240211
17376,71,2,185.0,84,21,92.5,-1.2723151702151343,-0.27308047062257934
17377,24,20,3135.02,1874,184,156.751,3.356490324704327,-1.1582333204737796
17379,11,1,350.26,335,67,350.26,0.6214359861462948,0.5791373319530402
17381,278,1,50.4,24,4,50.4,-3.57826995907676,-0.18882762389006957
17383,4,1,199.29,150,49,199.29,-0.045153743530408574,-0.3574858178420181
17384,19,2,122.2,52,12,61.1,-1.6988908022012232,-1.2460485145031932
17385,15,1,251.16,200,41,251.16,-0.08353304358086674,0.33262530768981013
17386,8,3,101.6,48,7,33.86666666666667,-1.8866091368180824,-2.321519645778075
17387,20,2,629.12,399,62,314.56,0.9460372204227538,0.469011776536495
17388,78,2,128.48,56,9,64.24,-2.0392665484880514,-0.6473378186212171
17389,3,23,1082.78,520,22,47.07739130434783,1.6428624322125176,-3.329834347756117
17392,307,2,355.26,313,48,177.63,-0.28218627731802387,1.0595462746311186
17394,219,1,38.4,24,2,38.4,-3.941319690918129,-0.5674709642246657
17396,149,1,37.5,10,1,37.5,-4.335911967441602,-0.83953515973369
17397,22,2,547.36,237,82,273.68,0.7380170921051354,0.37821722909568567
17398,115,3,378.78,282,23,126.25999999999999,-0.33946304692485285,0.09436675064117468
17400,126,5,1466.24,896,147,293.248,1.8827723088703823,0.8389583702037291
17402,5,6,171.95,116,20,28.65833333333333,-0.6380731024736428,-2.856967158380176
17403,36,1,255.87,114,30,255.87,-0.5767334395827985,0.6351082197049789
17404,26,6,368.14,266,25,61.35666666666666,0.011814554352948457,-1.5052155484689955
17405,1,3,701.1600000000001,678,65,233.72000000000003,1.758682587355046,-0.9221671884908724
17406,333,2,1003.87,583,84,501.935,0.9665714060180971,2.086467893036756
17409,185,2,111.55000000000001,35,5,55.775000000000006,-2.7086622887092453,-0.4873588967272693
17410,16,5,858.57,451,48,171.714,1.2094064383302636,-0.6153788217234232
17411,12,3,488.7,234,29,162.9,0.36290282961316894,-0.5935704204014012
17412,3,7,1085.14,580,43,155.02,1.7889584123458027,-1.49594328327388
17414,185,1,28.0,60,3,28.0,-3.7085277423022593,-0.8193820078739749
17415,80,1,138.44,100,8,138.44,-1.7745851181499517,0.3076594397135273
17416,30,6,3937.52,2430,152,656.2533333333333,3.3632269081161477,0.9130215687728466
17418,42,2,349.76,275,25,174.88,-0.16351705927452415,0.15353780335128148
17419,11,12,2900.52,1646,123,241.71,3.17920606794004,-0.812540101834703
17420,50,3,445.48,232,22,148.49333333333334,-0.11909900106139884,-0.1263984697561607
17422,16,6,1565.3,1420,85,260.8833333333333,2.3396247126051715,-0.22849391120210855
17423,46,2,425.29,283,23,212.645,-0.05035905500307012,0.35450438155782504
17425,61,1,655.97,367,40,655.97,0.588211018686707,1.7707026111702078
17426,8,6,3816.09,2685,150,636.015,3.6403600562012897,0.3729442724012893
17427,72,1,30.0,24,1,30.0,-4.051860230696551,-1.2761974337850097
17428,38,19,2671.76,1853,142,140.61894736842106,3.0182861232007654,-1.0576553564911004
17429,128,3,401.72,416,29,133.90666666666667,-0.08641149355275753,0.2358351900231568
17430,33,2,203.36,142,12,101.68,-1.0553020750981472,-0.5210620424456984
17431,313,1,357.4,254,39,357.4,-0.3904048831751234,1.8967110665705769
17432,18,2,349.36,205,42,174.68,0.10975001850234016,-0.1617322545971908
17433,88,1,283.26,183,51,283.26,-0.31119841188873826,1.170025917377004
17434,2,7,1668.32,1306,84,238.33142857142857,2.7494898280804603,-1.1295056326726591
17436,2,2,170.4,72,7,85.2,-1.100628616650077,-1.7797564220317297
17438,254,1,283.05,91,12,283.05,-1.3488045909852282,1.4355876160262686
17440,248,2,22.62,42,2,11.31,-4.2092446179722875,-1.7509716511253361
17442,37,6,2050.99,1423,90,341.83166666666665,2.40045290060241,0.3483666527770826
17444,152,2,1704.44,1372,106,852.22,1.9589331587275267,2.2967419810616767
17446,177,2,120.89999999999999,198,6,60.449999999999996,-1.9539150986870566,-0.310801857659311
17447,40,2,500.96999999999997,419,33,250.48499999999999,0.3903015496885229,0.49732027095891373
17449,2,7,2158.96,1081,158,308.42285714285714,3.1354079034852216,-0.8597378270319097
17450,11,5,998.28,516,40,199.656,1.3822087840821065,-0.6386343252719284
17451,1,7,1593.8,991,77,227.68571428571428,2.6677492443080553,-1.3650240736441657
17453,18,2,155.07,72,11,77.535,-1.4168109853709707,-1.0496497406806211
17454,192,4,451.88,236,54,112.97,-0.032092327024804516,0.13027326458972002
17455,204,1,111.8,64,7,111.8,-2.3531189509512584,0.472378738103005
17456,365,1,219.62,150,15,219.62,-1.3653074983926734,1.4188189669095939
17457,127,2,77.11,65,5,38.555,-2.694652568203193,-0.9191330300330722
17458,15,1,300.4,168,50,300.4,0.0725801067607053,0.49467441273911805
17459,43,2,551.99,423,82,275.995,0.8120866947821739,0.6950056041785645
17460,94,4,483.68000000000006,203,15,120.92000000000002,-0.371776517527595,-0.23312819950156327
17461,23,3,633.65,656,92,211.21666666666667,1.2595240219432837,0.061041931386227856
17462,60,2,324.08,144,17,162.04,-0.6810417599815302,0.1576517519770105
17463,16,5,1661.8600000000001,1072,153,332.372,2.5033696817285103,0.12053918038381073
17464,158,1,67.15,37,5,67.15,-3.00664334554866,-0.13454717310481928
17466,10,2,531.88,286,32,265.94,0.57576464132013,-0.029626902227064496
17468,10,2,137.0,116,5,68.5,-1.5004468984240495,-1.4190000980013788
17469,16,5,1522.71,693,53,304.54200000000003,1.8566630821081382,-0.08171038217787686
17470,45,5,734.41,861,49,146.882,1.110358388030583,-0.28943640753383787
17472,191,3,668.89,457,137,222.96333333333334,0.8736453474497033,0.9924286614779345
17475,79,1,194.37,178,14,194.37,-1.0925208976567873,0.6810631978497953
17480,78,1,472.22,314,28,472.22,0.08014271869280383,1.544194672855382
17481,4,4,1045.16,716,61,261.29,1.8799374793091561,-0.591118630684482
17483,65,3,302.44,171,15,100.81333333333333,-0.7361432971585884,-0.40653923776575046
17486,261,1,376.97,189,23,376.97,-0.6198320480912543,1.8001851059265899
17489,59,2,361.52,392,27,180.76,-0.0525151500914166,0.35173834028329687
17490,1,6,877.73,565,51,146.28833333333333,1.8161987718313035,-1.733217002605136
17491,1,10,1499.98,928,54,149.998,2.4952667229080796,-1.9772057312360292
17492,248,1,140.0,88,7,140.0,-2.104881099881347,0.7685580297919606
17495,8,2,432.26000000000005,222,17,216.13000000000002,0.12177632820572325,-0.36657288454393927
17496,359,1,251.10000000000002,78,9,251.10000000000002,-1.6791999876179284,1.4417517696675526
17498,76,1,235.74,202,15,235.74,-0.8604737737960496,0.8464474159725279
17499,290,1,460.1,525,34,460.1,0.03520906989929585,2.118928249158327
17501,221,2,259.35,157,16,129.675,-1.1314415949694419,0.5064903843015529
17502,9,4,517.2,266,21,129.3,0.3994649833399554,-1.071096590826817
17503,3,2,382.85,401,31,191.425,0.6477668254764811,-0.7192095852348784
17504,206,8,1585.42,1101,85,198.1775,1.7379619325617741,0.3954502106814173
17505,162,2,967.94,530,44,483.97,0.8058649127675134,1.688624795958242
17506,76,1,302.2,139,14,302.2,-0.8250909764977391,1.0314817851597908
17507,262,2,574.73,356,76,287.365,0.35976392863242174,1.4608422304229103
17508,281,1,343.06,274,21,343.06,-0.6110772730494365,1.7652178125671596
17509,58,8,6115.14,3534,75,764.3925,3.4543945030602536,1.105942893663719
17510,25,1,282.98,212,19,282.98,-0.3716562450781752,0.5739172904708266
17511,3,27,3193.28,3477,107,118.26962962962963,3.8259160705788946,-2.3741865909238213
17512,51,8,1390.31,921,55,173.78875,1.700526262668417,-0.3487628376653464
17513,72,1,30.0,24,1,30.0,-4.051860230696551,-1.2761974337850097
17514,128,1,200.15,134,39,200.15,-0.8839310494871947,0.9798213053287662
17515,31,4,403.17,222,37,100.7925,0.10173804705884905,-0.7594772833876106
17516,15,5,654.91,361,106,130.982,1.241029177063901,-0.8164855451213642
17517,309,1,128.44,100,10,128.44,-2.047319253666583,0.8239273817021334
17519,17,6,912.0,520,48,152.0,1.3111258708405655,-0.7905288163206069
17520,54,1,441.29,309,25,441.29,0.056419751107356725,1.3224139236742942
17521,30,3,644.99,445,36,214.99666666666667,0.7080004707126799,0.07222094465404685
17522,2,5,649.76,548,51,129.952,1.4639310296775578,-1.5648398390551186
17523,11,2,263.43,143,23,131.715,-0.3754611497100892,-0.6762625552900063
17524,361,1,107.2,72,5,107.2,-2.583723706438373,0.6550757636630903
17525,360,1,22.5,6,1,22.5,-5.08351848535132,-0.9307286645587984
17526,5,3,155.20000000000002,94,9,51.73333333333334,-1.137877645922059,-2.0667942725972517
17527,54,4,671.86,443,39,167.965,0.6561493837831199,-0.04158813502714318
17528,1,8,2670.91,1858,164,333.86375,3.6174543331572613,-1.0010105856133669
17530,1,10,2060.17,1371,291,206.017,3.555544379633971,-1.521049939712276
17531,190,1,193.5,120,9,193.5,-1.5911291087399355,0.9783106284429044
17534,54,1,183.76,95,8,183.76,-1.4852017339503265,0.3870751876528672
17535,280,1,164.4,136,13,164.4,-1.6244050265512573,1.0385667953852007
17537,30,2,737.5600000000001,434,66,368.78000000000003,1.0414975321424482,0.781412873517615
17538,26,1,92.66,86,8,92.66,-1.9033293958022848,-0.5086825777076601
17540,25,2,426.1,166,19,213.05,-0.18478477383836803,0.05640153050871901
17542,270,1,141.55,131,21,141.55,-1.5668604815980076,0.9338015375479171
17545,43,3,413.58,286,111,137.85999999999999,0.5638613625796274,-0.09097128384441193
17548,234,1,103.3,58,5,103.3,-2.5954056089411393,0.42821204797931484
17549,24,2,16.439999999999998,36,2,8.219999999999999,-3.994604240937161,-2.9763207260632387
17550,197,3,198.41,81,40,66.13666666666667,-1.2003266712716545,-0.2693661547851549
17551,359,1,298.34,149,38,298.34,-0.765730162301763,1.7602575224310408
17552,60,4,814.27,573,39,203.5675,0.878451371340374,0.18501699851916936
17554,1,5,895.41,493,41,179.082,1.682056963726863,-1.484188680631201
17555,20,2,474.76,348,100,237.38,0.8630085610123545,0.2600715684069378
17556,206,1,67.95,40,4,67.95,-3.1005988388662153,-0.025938035796175776
17557,14,3,465.61,292,25,155.20333333333335,0.3161354611050899,-0.574454774054401
17560,155,3,151.57,67,9,50.52333333333333,-1.991634889558379,-0.7438768424260745
17561,19,1,140.0,109,42,140.0,-0.8023612550330613,-0.1169495597906762
17562,14,7,1029.02,661,44,147.00285714285715,1.513780835693904,-0.977501297538669
17564,24,3,409.36,141,35,136.45333333333335,-0.029954321038149264,-0.4886713663964381
17566,8,2,757.21,484,107,378.605,1.5638544220069959,0.33780939102374613
17567,7,8,2240.01,1507,96,280.00125,2.8859986327028886,-0.6361735046345065
17569,332,1,202.04,94,23,202.04,-1.4162834988114232,1.3145856942796785
17571,50,3,1082.7,773,220,360.90000000000003,1.923674034276367,0.9330146756296367
17572,71,4,206.85000000000002,93,6,51.712500000000006,-1.5905827496940435,-1.2074117349133626
17573,29,3,336.44,212,22,112.14666666666666,-0.25666792783489834,-0.5970952050600584
17574,243,1,155.8,74,7,155.8,-2.078388583921738,0.8413145956181709
17576,8,19,2587.1,1606,212,136.16315789473683,3.421759518656322,-1.6719227609602365
17578,218,1,49.5,30,2,49.5,-3.6655942659319862,-0.339324178386448
17579,5,3,427.65000000000003,256,44,142.55,0.6218121392090765,-0.9891847178151576
17580,312,2,160.07,81,42,80.035,-1.4528270262247531,0.27827215068118044
17581,1,23,6012.1,3957,200,261.39565217391305,4.749142441247343,-1.807216920071368
17582,236,1,99.37,73,25,99.37,-1.9586207787396044,0.5501343268157559
17584,7,2,423.40000000000003,234,19,211.70000000000002,0.19242209388175474,-0.42059357986405915
17585,109,4,833.16,912,159,208.29,1.4906264188530545,0.6117343787866644
17588,100,2,91.0,20,3,45.5,-3.091675870236302,-0.9901466391480412
17589,60,4,1913.62,1291,161,478.405,2.4082795905455687,1.109997633754549
17590,2,3,1211.39,695,150,403.7966666666667,2.4423281268357515,-0.19898332627327603
17591,73,7,1028.3300000000002,668,66,146.90428571428575,1.3266544796525677,-0.271556360704265
17593,4,5,2564.06,2011,161,512.812,3.363018606262924,0.030164305055107515
17594,85,2,953.58,542,41,476.79,0.9146425441578188,1.4027789599525622
17595,12,2,304.94,219,64,152.47,0.27488260384699803,-0.3954737674001066
17596,23,7,1076.78,793,151,153.82571428571427,1.9997470011608023,-0.6157524373789472
17597,214,1,577.98,439,34,577.98,0.21712691663429803,2.1785782803186384
17600,18,1,115.68,105,10,115.68,-1.5002070646157675,-0.43299759459215065
17601,239,1,108.45,67,8,108.45,-2.3480325441892522,0.5261314427726939
17602,2,6,3847.96,3219,314,641.3266666666667,4.247757438639341,0.000450921271481248
17603,78,1,144.72,72,10,144.72,-1.771704195320113,0.3330687958890776
17604,217,2,266.02,129,54,133.01,-0.7083225440542695,0.6177728514450455
17608,33,2,193.42,232,54,96.71,-0.3402649200332638,-0.39760858901078483
17609,41,5,966.13,674,189,193.226,1.792350378394667,0.01854558928080835
17611,7,15,3272.42,2198,409,218.16133333333335,3.9761436858146877,-1.0807607821490723
17612,53,6,1541.59,1326,99,256.9316666666667,2.1098351111172646,0.2521020274650607
17613,23,14,3525.32,2078,194,251.80857142857144,3.467237648361802,-0.5256862876416369
17614,57,1,350.47,234,93,350.47,0.2765261946121784,1.2466300798918883
17615,130,3,144.05,75,9,48.01666666666667,-1.9527755076710087,-0.8532374074127049
17618,6,3,685.93,311,49,228.64333333333332,1.0735235854291676,-0.4930811478930586
17619,312,1,202.62,125,70,202.62,-0.8638713972967657,1.4109009592928896
17620,60,1,47.44,56,3,47.44,-3.0823544839042394,-0.8444130963122716
17621,21,3,273.7,150,13,91.23333333333333,-0.6746742128674277,-0.9738299073743547
17623,33,1,455.45,257,31,455.45,0.2032513191320961,1.1557446628374242
17624,15,2,747.4300000000001,544,44,373.71500000000003,1.119440578954437,0.49339352303469525
17625,18,4,1852.75,1162,214,463.1875,2.713398504351891,0.6128201262490339
17628,81,1,75.75,79,5,75.75,-2.497232571569705,-0.2599265937010739
17629,6,8,1159.1200000000001,1056,93,144.89000000000001,2.253237181356379,-1.2889289107540975
17630,170,2,219.4,134,13,109.7,-1.3407518524102542,0.22430702148079448
17631,2,3,445.29,291,33,148.43,0.7397204952704305,-1.2624795169358154
17633,31,4,1065.38,590,53,266.345,1.3629098664100188,0.17766347593361267
17634,36,9,1373.3700000000001,705,174,152.5966666666667,2.137639760028092,-0.5856235203201487
17636,19,1,285.56,182,20,285.56,-0.342562875367932,0.4665151991340028
17637,31,2,464.51,271,30,232.255,0.19029408667872474,0.2909860628088315
17639,276,1,60.2,44,4,60.2,-3.2251208609286337,-0.0015849379054065562
17642,120,2,554.29,390,32,277.145,0.1951642692200599,1.0309540110869273
17643,373,1,58.8,66,5,58.8,-3.0918334838239496,0.14708961292743494
17644,1,11,1954.6000000000001,1373,90,177.69090909090912,3.0594346789332247,-1.81657891419928
17646,219,3,703.99,277,35,234.66333333333333,0.16524793136794097,0.9356343321823153
17647,65,1,82.11,25,4,82.11,-2.867422815539225,-0.3720185456566975
17648,61,3,1123.08,396,55,374.35999999999996,1.1181221748403132,0.8747572770764791
17649,138,1,781.49,391,47,781.49,0.6358576697351678,2.279950615466217
17650,21,1,166.07999999999998,150,8,166.07999999999998,-1.199758699227822,-0.05475987103025094
17651,12,9,3383.93,2269,134,375.9922222222222,3.3995515833742935,-0.1901522070315048
17652,25,12,4063.9700000000003,2047,104,338.6641666666667,3.2890082780663734,-0.1973568091056827
17653,38,3,531.22,340,32,177.07333333333335,0.3612652053539586,-0.027886584659489944
17654,277,1,80.65,37,19,80.65,-2.504004158444947,0.3693006350403059
17655,11,7,1004.6400000000001,592,43,143.52,1.4948155121731492,-1.1010095089682252
17656,73,5,1012.5500000000001,845,51,202.51000000000002,1.2686462835338113,0.19016448173207315
17658,26,2,139.02,114,8,69.51,-1.529709627507187,-0.9934873293614741
17659,17,12,2162.0,1124,95,180.16666666666666,2.6173919332412083,-0.9460773462483381
17660,141,1,136.25,117,35,136.25,-1.2988498444358372,0.6687557121158646
17663,26,7,1453.3600000000001,744,56,207.62285714285716,1.7951149913742555,-0.40256901265672623
17664,19,2,547.94,554,39,273.97,0.7845850869383866,0.30767684617723146
17666,4,2,110.58000000000001,66,4,55.290000000000006,-1.7706405361088078,-1.9863474329870277
17667,66,5,1668.47,931,73,333.694,1.8615456753056607,0.6208884376356856
17668,1,2,145.25,75,7,72.625,-1.1224911418602244,-2.084294431426557
17669,43,7,838.9200000000001,546,34,119.8457142857143,0.9470272043566181,-0.7391065298821203
17670,228,1,173.9,106,10,173.9,-1.721524522863027,0.9627651372695277
17671,16,4,891.47,448,33,222.8675,1.07579427871924,-0.3029999814808587
17672,50,2,1478.22,1169,76,739.11,1.897194849854761,1.6715143433478417
17673,2,6,1293.75,1054,113,215.625,2.573849847533357,-1.1134839299392572
17674,74,2,170.52,300,15,85.26,-1.0138870400719295,-0.27332402530735167
17675,1,29,9184.03,4820,189,316.69068965517243,5.167861894732777,-1.7842692744844468
17676,4,6,1167.7,798,47,194.61666666666667,1.933875846304181,-1.0872497918868689
17677,2,22,2951.07,2227,123,134.13954545454547,3.6897227928770873,-2.268901654579792
17678,264,1,298.11,207,16,298.11,-0.912906042430396,1.5750015085003983
17679,86,1,92.7,42,3,92.7,-2.7396642099267083,-0.13990053609917158
17680,24,1,151.4,92,10,151.4,-1.3962079133384264,-0.09414197140678852
17682,10,6,2195.69,1259,42,365.9483333333333,2.381581114115886,-0.18986079315038068
17684,44,1,201.01,141,13,201.01,-1.0516092603567262,0.44753209808818784
17685,17,7,1629.0,1229,75,232.71428571428572,2.2712029110620073,-0.4139464793773422
17686,7,7,3843.58,2139,148,549.0828571428572,3.5983278530605953,0.09045330586631146
17690,30,15,2788.7200000000003,1401,142,185.91466666666668,2.9680454721039915,-0.7796437643253845
17691,358,2,242.70000000000002,128,16,121.35000000000001,-1.3626057125112323,0.6373069210030351
17692,127,4,526.44,442,27,131.61,0.13505450662311083,0.06789103908971969
17693,137,1,166.47,227,14,166.47,-1.2462785741385554,0.7911872308897195
17694,142,1,251.92000000000002,136,14,251.92000000000002,-1.1122620199208293,1.131616736061315
17695,132,2,409.94,399,25,204.97,-0.15098676361614882,0.7882968736759512
17696,38,8,1419.03,1164,62,177.37875,1.9117419980385029,-0.4253041783492129
17697,236,1,258.65000000000003,81,15,258.65000000000003,-1.3625835122383418,1.3386406475018011
17698,261,1,154.95,93,8,154.95,-1.9692085459874422,0.8921550741106143
17700,17,4,2095.79,1097,107,523.9475,2.526352596292907,0.629148560590344
17701,253,1,193.65,83,12,193.65,-1.6804201034415953,1.0990850883526968
17702,30,4,933.79,719,52,233.4475,1.329840402729771,0.061208869924989515
17703,35,3,798.74,590,47,266.24666666666667,1.0504844450882582,0.3628997145366433
17704,169,2,399.69000000000005,165,20,199.84500000000003,-0.6293892526364541,0.7918035299989259
17705,3,9,1335.1200000000001,871,58,148.3466666666667,2.2442856075469413,-1.6298517932461143
17706,4,17,4984.6900000000005,2548,200,293.21705882352944,4.197285427941599,-1.1578248827121547
17707,185,2,50.400000000000006,24,2,25.200000000000003,-3.7351412036377383,-1.2496800913197523
17708,188,2,258.58,90,27,129.29,-1.0990297075225426,0.44708916599214965
17709,170,1,58.25,13,4,58.25,-3.5687970742425974,-0.30810126416280964
17711,11,2,369.8,244,21,184.9,0.05000759726217166,-0.35632389225776956
17712,45,1,403.21000000000004,209,26,403.21000000000004,-0.10198911614102633,1.1472908543289024
17714,321,1,153.0,92,10,153.0,-1.9479294462832728,0.9856455279436692
17716,29,10,3932.69,2462,154,393.269,3.4322599346200526,0.15332558835105767
17718,232,1,113.85,81,5,113.85,-2.3977294572650876,0.5299846009408969
17719,38,15,2865.12,1358,86,191.00799999999998,2.7289020598107334,-0.7085215459051117
17720,26,3,514.94,320,26,171.64666666666668,0.3150261105912608,-0.2315826680802002
17722,96,4,1465.46,1097,88,366.365,1.7967843354353406,1.0060439713835503
17723,214,1,64.9,22,2,64.9,-3.5589811016856974,-0.13490611461325727
17724,71,3,671.7,246,30,223.9,0.270150250806339,0.4052983781652322
17725,16,11,2791.3,1948,105,253.75454545454548,3.0600178702094416,-0.574171038013892
17727,15,1,923.35,630,58,923.35,1.496912579798391,1.5695933142537928
17728,4,3,2549.93,1345,135,849.9766666666666,3.1169055193019117,0.6949943892782563
17730,3,13,2850.88,2262,108,219.29846153846154,3.4802523912307106,-1.3984205853103
17731,79,4,791.86,446,44,197.965,0.7533863949808658,0.26911551577418963
17732,373,1,222.52,84,13,222.52,-1.6216679052643619,1.38923862971851
17733,39,2,471.63,361,27,235.815,0.21640593731235855,0.40681409872844737
17734,54,3,528.3100000000001,353,33,176.10333333333335,0.3071279730440793,0.11661401218428422
17735,2,19,11012.050000000001,7186,288,579.5815789473685,5.473450465189281,-0.7498038982582996
17736,9,2,215.59,225,17,107.795,-0.44487473780186015,-0.9231034398700905
17737,9,2,137.64000000000001,72,8,68.82000000000001,-1.4848118384021731,-1.4478533742137831
17738,19,4,1271.1100000000001,841,72,317.77750000000003,1.8545944780091763,0.18519852377044096
17739,38,6,364.79,133,14,60.79833333333334,-0.5462576589277165,-1.4554094537757272
17742,113,2,130.06,54,6,65.03,-2.265769313939281,-0.5188640957673487
17744,4,6,1472.26,1666,88,245.37666666666667,2.631001539247467,-0.7806958284365818
17746,240,1,74.8,26,4,74.8,-3.2104657329622994,0.09292237743603302
17749,178,2,399.75,239,24,199.875,-0.4370136817538546,0.8539121201151612
17750,5,9,1176.62,2378,98,130.73555555555555,2.6270798599797467,-1.4553296360590953
17754,1,5,720.56,1049,72,144.112,2.005437818658638,-1.5712696791534502
17757,1,30,4082.05,2535,256,136.06833333333333,4.420008376211026,-2.552051376466086
17758,19,8,3130.05,2054,298,391.25625,3.5127131472329607,0.16344329157574775
17759,17,3,680.49,463,74,226.83,1.1665867144940263,-0.040497442907763276
17760,22,2,218.25,130,22,109.125,-0.7175244495714419,-0.5762910996280766
17761,33,1,169.07999999999998,120,9,169.07999999999998,-1.3192523475493698,0.13848277315374946
17763,263,1,15.0,12,1,15.0,-5.094892791939319,-1.355942749788853
17764,51,2,635.62,361,62,317.81,0.7192586369906618,0.851281234750252
17765,159,3,263.83,132,41,87.94333333333333,-0.7446836197699112,-0.0798524101129569
17767,15,1,262.95,127,20,262.95,-0.4885062454600832,0.27815886809883655
17768,8,3,886.59,655,52,295.53000000000003,1.5142516901648926,-0.1113098353562862
17769,13,10,2910.9500000000003,1539,179,291.095,3.2507207751697913,-0.44376682960285163
17770,199,3,286.57,188,20,95.52333333333333,-0.8784480927003647,0.04303721733201356
17771,57,2,213.71,283,47,106.855,-0.36149178175462254,-0.08764498122316516
17772,11,2,134.32,54,46,67.16,-0.985092094536227,-1.2564774940775225
17774,97,4,997.42,410,112,249.355,1.2292870345812679,0.6346787181614775
17775,255,1,56.4,72,3,56.4,-3.172380410549041,-0.07965452940479752
17777,25,3,647.41,505,139,215.8033333333333,1.3278961014281814,0.13435202335675528
17779,21,3,417.16,313,62,139.05333333333334,0.5248895404615785,-0.4218005483088931
17781,159,1,22.67,13,6,22.67,-4.14658224276081,-1.103040124124287
17783,72,2,274.97,353,66,137.485,-7.752307683648086e-06,0.27188501719916436
17785,53,1,123.44,66,12,123.44,-1.7776833916156056,0.04629742081004794
17786,85,2,238.67,161,54,119.335,-0.5100981007098377,0.148758759609763
17787,153,4,1531.24,790,85,382.81,1.5974978133774218,1.2131951439151591
17788,130,1,8.2,2,2,8.2,-5.749655723338366,-2.188995513584405
17789,281,1,191.65,71,12,191.65,-1.7674569885135814,1.1238403832217827
17790,27,14,1653.5,770,112,118.10714285714286,2.257209757471319,-1.2321289297765028
17791,30,1,106.1,46,10,106.1,-1.9704931402642585,-0.3555739038044815
17793,25,1,172.32,80,41,172.32,-0.8167998661605063,0.15038850422662356
17795,180,2,311.48,232,40,155.74,-0.44904350342867494,0.6868964341677483
17796,40,4,546.35,158,58,136.5875,0.3402495566181803,-0.3742642694801198
17797,22,3,644.63,484,94,214.87666666666667,1.1807847894777046,0.04026122024632133
17799,22,10,2538.96,1627,269,253.89600000000002,3.2162780629343533,-0.3128550131024564
17800,37,9,964.16,538,49,107.12888888888888,1.2534061737422664,-1.014767925503178
17802,82,3,976.97,611,96,325.6566666666667,1.3209120702095216,0.9555953370125971
17805,74,1,21.57,16,4,21.57,-4.082472591778565,-1.4806426350051198
17806,11,1,445.11,556,39,445.11,0.7818883797918686,0.770597577571961
17809,16,4,158.25,125,17,39.5625,-0.9992316127160813,-1.9330908943140805
17811,4,39,4609.64,2572,328,118.19589743589745,4.460204275859595,-2.4386248850652668
17812,13,4,579.61,338,104,144.9025,1.1277520543821455,-0.6700425265731884
17813,14,5,1221.03,709,266,244.206,2.3574770393334856,-0.1748240284466086
17816,37,4,36.56,30,16,9.14,-2.827974325816325,-2.9036247673798967
17817,4,2,114.43,60,27,57.215,-1.0884296691718403,-1.8022281465976018
17819,241,3,95.71,107,15,31.903333333333332,-2.09004020700753,-0.8766033960948675
17824,51,1,235.84,232,11,235.84,-0.8392419978310083,0.6644743256945846
17827,5,5,1628.29,1034,177,325.658,2.7603132498611753,-0.32230938434484646
17828,23,4,902.02,544,49,225.505,1.2341962369328996,-0.09964586085911213
17829,299,1,638.74,314,25,638.74,-0.017047274618048214,2.355397369336807
17830,2,3,200.75,69,11,66.91666666666667,-0.822262294914352,-2.139688366794476
17831,33,1,35.400000000000006,12,2,35.400000000000006,-3.8322206709654942,-1.4613903762854328
17832,50,1,148.53,172,60,148.53,-0.6566671493007138,0.3885860764208813
17835,3,3,287.94,226,43,95.98,0.345020484180264,-1.5107186571775648
17836,47,1,110.21000000000001,88,23,110.21000000000001,-1.4925149138411187,-0.0250412230420268
17837,42,8,1101.23,471,97,137.65375,1.5391563899082497,-0.621468421812619
17838,27,5,1654.5,1070,69,330.9,2.074280946564933,0.25195014845877567
17839,42,1,338.8,285,50,338.8,0.14188737835512494,1.0475720794121377
17841,2,123,30169.07,19195,1202,245.2769918699187,7.491605320691169,-2.536595853331278
17843,303,1,178.63,110,33,178.63,-1.2974963964207011,1.21251057371779
17844,107,1,51.559999999999995,52,5,51.559999999999995,-3.0069742481913972,-0.5009140830061971
17848,148,6,244.59,181,34,40.765,-0.702715315702048,-1.1361464466943498
17849,264,3,64.60000000000001,22,9,21.533333333333335,-3.162925348830706,-1.3136261826877729
17850,372,34,4248.4400000000005,1614,19,124.95411764705884,2.139603587251893,-0.7855382505082568
17852,12,2,114.34,53,21,57.17,-1.4391679497883207,-1.4330834477852774
17854,185,2,120.01,69,13,60.005,-2.071063439541633,-0.30218511818653776
17855,373,1,199.02,196,16,199.02,-1.326949597391708,1.3656014859580403
17856,233,2,35.6,20,2,17.8,-4.114638930151292,-1.4542728790266901
17857,358,1,5.5,10,1,5.5,-5.9365980697304375,-2.0220041721307247
17858,6,9,1707.41,539,68,189.71222222222224,2.204643355206054,-1.1992016154018454
17859,305,1,85.21,83,21,85.21,-2.155971259926848,0.5175081811736919
17860,369,1,221.0,100,48,221.0,-1.0607398630452218,1.5071074200119612
17861,3,8,1502.4,1579,151,187.8,2.9189000800653817,-1.2277418253966823
17862,324,1,80.0,44,5,80.0,-2.965072233472251,0.3263387540936576
17863,59,6,2339.92,2166,101,389.9866666666667,2.602663355212886,0.6922120553429267
17864,13,3,523.28,575,66,174.42666666666665,1.047538491058148,-0.369734240297994
17865,31,18,5329.24,3659,163,296.06888888888886,3.901225635889885,-0.4036653434441318
17866,143,1,87.2,32,4,87.2,-2.904754969572661,0.02212884575363391
17867,30,3,240.77,171,56,80.25666666666667,-0.24142160286389774,-0.8008111307258909
17869,107,5,230.03,88,26,46.006,-1.059885386331837,-1.1360046625966727
17870,2,11,1324.53,1127,204,120.41181818181818,2.9169037398190736,-1.920214666066371
17871,205,1,131.42000000000002,86,8,131.42000000000002,-2.074193249637114,0.6440189431025896
17873,80,5,451.82,390,16,90.364,-0.11512543923791008,-0.6241427135832884
17874,185,6,368.77000000000004,140,33,61.46166666666667,-0.5340574425531344,-0.7118494463566701
17877,170,1,98.61,78,10,98.61,-2.2136737006068787,0.33067557204608894
17878,44,1,197.63,159,18,197.63,-0.8994467054889995,0.46917448537046574
17879,174,1,25.31,18,4,25.31,-4.106280935700487,-0.984967947566138
17880,365,1,387.82,272,22,387.82,-0.5561614127390423,1.984559516222094
17881,304,1,77.55,20,7,77.55,-3.13692537432503,0.2501055221708609
17883,3,4,500.77,363,126,125.1925,1.388909366820226,-1.298825371421999
17884,4,4,559.6,432,97,139.9,1.3868473355998114,-1.1222386206288608
17885,12,1,173.44,165,48,173.44,-0.33773174291754426,-0.07313571991245396
17886,32,3,349.16,229,78,116.38666666666667,0.2734071603118711,-0.404828476025535
17887,129,1,47.05,25,7,47.05,-3.261993098873302,-0.5209473905719576
17888,60,6,402.47,386,46,67.07833333333333,0.27487005072412346,-1.0077193810392493
17889,212,2,114.82,66,15,57.41,-2.0977991551768107,-0.273638286450718
17890,323,2,523.77,374,82,261.885,0.28857551450338204,1.4779332188173266
17891,162,1,203.85999999999999,393,34,203.85999999999999,-0.5854709846578054,1.1512080737747106
17892,57,2,121.1,70,24,60.55,-1.5714411120647067,-0.7275428388951423
17893,225,1,71.35000000000001,109,13,71.35000000000001,-2.3114808717008195,0.21339441034647008
17894,72,8,905.76,384,121,113.22,1.2828049213368664,-0.5613747474840706
17895,44,1,82.91,93,13,82.91,-1.897443546681919,-0.34400259129578514
17897,173,3,405.35,218,91,135.11666666666667,0.06989666117685223,0.4316165703241319
17898,85,2,138.14000000000001,142,26,69.07000000000001,-1.2697642848640749,-0.396703973546235
17899,159,1,95.59,96,24,95.59,-1.8204311838979164,0.3661378153915574
17900,190,2,97.19999999999999,72,3,48.599999999999994,-2.727753851503852,-0.5856285183782739
17901,29,1,41.78,18,13,41.78,-2.9225876488392113,-1.2045667113342877
17904,21,1,102.22,54,27,102.22,-1.4936072126182833,-0.433803537548643
17905,157,3,244.94,133,24,81.64666666666666,-1.0052430335549414,-0.19704504709176904
17906,247,1,55.95,25,11,55.95,-3.106598064442324,-0.06458107102968018
17908,374,1,229.45000000000002,144,49,229.45000000000002,-0.8947705071919355,1.570744998440261
17911,9,1,294.35,182,36,294.35,0.05994539478397267,0.25533476340721745
17912,310,5,195.13,126,27,39.025999999999996,-1.2765811417124011,-0.8063851391765249
17913,59,2,342.34,199,53,171.17,-0.07779016261264182,0.3218040873462249
17914,4,1,237.75,287,65,237.75,0.4394487243125136,-0.13651489012390802
17917,45,3,324.33,186,76,108.11,0.05716061164368841,-0.34525564972082784
17919,88,1,145.07999999999998,132,6,145.07999999999998,-1.7590690212280167,0.38209776022941466
17920,4,17,3338.62,2073,384,196.38941176470587,4.0657151947609895,-1.4580367812596673
17921,64,4,775.67,424,110,193.9175,1.1256077097039958,0.24529420700974172
17924,12,3,87.3,54,3,29.099999999999998,-2.320345665794663,-2.352832589674145
17926,133,2,309.23,160,15,154.615,-0.8996247632730041,0.44260765510817235
17928,45,2,84.16,54,19,42.08,-1.9866670209254451,-1.1729326144041747
17930,36,5,409.08,462,21,81.816,0.14290582471674856,-1.0028256198545595
17931,134,2,255.0,127,56,127.5,-0.6279756569287974,0.38277857516807745
17932,29,3,1188.92,774,76,396.3066666666667,1.6924502762223088,0.6935246458609342
17934,59,1,226.32000000000002,124,11,226.32000000000002,-1.1290852021426225,0.6480537133343895
17935,138,2,137.29,81,27,68.645,-1.567063158604641,-0.2337744800694821
17936,5,1,247.24,206,62,247.24,0.29192346943900244,-0.05212311761775591
17937,115,2,60.0,48,1,30.0,-3.4153115792988307,-1.2948091712358976
17939,160,1,99.14,40,12,99.14,-2.3674158891321055,0.28282248626070106
17942,8,1,1.9,2,1,1.9,-6.239894095865062,-4.353531215351824
17946,233,2,79.78,71,16,39.89,-2.351989655181174,-0.5344803397504858
17947,37,1,93.72,112,7,93.72,-1.9215479197051182,-0.34964099399856896
17949,151,2,47.58,39,2,23.79,-3.564604439235598,-1.3517772201221399
17950,72,3,365.15,316,59,121.71666666666665,0.14103518044070526,-0.03829253323605932
17951,40,3,208.38000000000002,162,10,69.46000000000001,-1.0940729979937784,-0.9650611132245335
17954,5,11,2036.16,1595,314,185.10545454545456,3.40231964875003,-1.1951228347020764
17955,220,2,55.6,40,7,27.8,-3.1252051755755006,-0.9710329407878241
17957,66,1,96.25,185,28,96.25,-1.3286406494108076,0.0637617414977242
17958,117,1,85.16,38,5,85.16,-2.7460712372520057,-0.05371636803655762
17960,171,1,73.78,41,26,73.78,-2.3120098492670986,0.12623861541795386
17961,21,37,858.24,528,193,23.195675675675677,2.0242439322518204,-3.3258187967270163
17962,142,1,82.44,91,31,82.44,-1.832179677786899,0.21132460013355406
17964,32,2,334.74,242,74,167.37,0.23764542515231585,0.09532427258296217
17965,38,14,2084.05,1426,243,148.8607142857143,2.898705050348338,-0.7811794108047656
17966,151,2,155.43,193,40,77.715,-1.024201723847637,0.002152968475022812
17967,372,1,95.22,77,39,95.22,-1.899937382267137,0.747074480289828
17968,374,1,269.4,159,73,269.4,-0.5754706894533247,1.7529315507772352
17969,166,2,63.45,26,8,31.725,-3.066223643705255,-0.9933481563562756
17970,211,1,299.13,203,18,299.13,-0.823844679009057,1.4936022383479275
17972,242,1,97.39,34,27,97.39,-2.221927409909374,0.5012960565078025
17973,52,1,210.08,104,11,210.08,-1.2239036231758544,0.5201897296547991
17974,25,3,687.9,478,138,229.29999999999998,1.3530480954783757,0.18267110329872124
17975,15,13,2224.3,1123,171,171.10000000000002,2.909015879600759,-1.0356760357497639
17976,372,1,314.04,102,52,314.04,-0.7466494494230362,1.8237159453077996
17977,29,1,95.29,131,13,95.29,-1.5763528881251805,-0.3719334220072034
17978,365,1,129.5,65,10,129.5,-2.2316413327224964,0.8728098986958228
17979,36,4,601.73,327,110,150.4325,0.9546177045981353,-0.2274560574464045
17980,166,3,178.0,88,18,59.333333333333336,-1.5262099351793537,-0.5002779533418575
17984,145,1,131.68,96,46,131.68,-1.2961731526122608,0.6630363475890421
17985,22,1,176.85,71,10,176.85,-1.348450036160826,-0.01139211721114264
17986,56,1,20.8,10,1,20.8,-4.574539700771346,-1.739866913858109
17987,185,1,123.93,141,10,123.93,-1.8398483841080187,0.6013051834581243
17988,12,7,99.92,36,30,14.274285714285714,-1.4700564215368754,-3.240738091014807
17990,237,3,500.34000000000003,356,25,166.78,-0.16110198083521668,0.6587564683190477
17991,225,2,8.850000000000001,3,3,4.425000000000001,-5.60507542230344,-2.636784034806307
17994,122,4,549.43,387,61,137.3575,0.44754090855904083,0.15375283768747952
17995,282,1,23.6,8,1,23.6,-4.902732201195355,-0.9764897989239331
17997,74,8,910.75,1228,112,113.84375,1.671753570178317,-0.4766647162430428
17999,37,2,336.46,217,83,168.23,0.21673478643648775,0.162362235061302
18001,12,2,234.47,182,47,117.235,-0.12032461497041384,-0.6628884408224435
18004,362,1,115.97,72,28,115.97,-1.8920018572522528,0.871262487583567
18005,4,2,186.27,88,48,93.135,-0.3453168971331547,-1.3067992322151116
18006,23,1,251.53000000000003,89,18,251.53000000000003,-0.7802697841908947,0.37718271199921405
18008,70,4,71.53,57,12,17.8825,-2.3384422856519316,-2.0822463904827986
18009,235,1,182.29,119,25,182.29,-1.305109905229161,1.1040150378093336
18010,257,1,61.6,48,9,61.6,-2.883309465952153,0.058652895494669115
18011,373,1,92.84,70,27,92.84,-2.0972426212101105,0.6869336704862666
18013,155,2,129.81,153,28,64.905,-1.3934875276643461,-0.18906203536598928
18014,28,1,150.51999999999998,66,27,150.51999999999998,-1.1783750634726124,0.028878299247760867
18015,4,1,120.03,157,46,120.03,-0.45259879242409956,-0.7986855163537655
18016,32,5,955.5,542,74,191.1,1.3854626192741266,-0.19313056010554513
18018,108,2,53.589999999999996,50,24,26.794999999999998,-2.463480922931787,-1.1773953068704053
18019,52,1,28.5,6,4,28.5,-4.116223946386039,-1.4510178864564025
18022,36,1,597.64,515,134,597.64,1.2272718430794627,1.606937421853819
18024,153,1,67.63,37,16,67.63,-2.5772617345638347,-0.0445199562301461
18027,99,1,115.31,78,21,115.31,-1.695890442233695,0.3055626887332021
18030,4,2,35.45,31,4,17.725,-2.9178416885805247,-2.9937531342627195
18032,334,1,73.5,42,5,73.5,-3.0544900375862896,0.26326819711696353
18033,65,1,75.97,45,28,75.97,-2.017645301082511,-0.23730938096783888
18034,22,2,347.04,369,95,173.52,0.5965903362283294,0.02582948116198398
18035,36,3,257.44,223,34,85.81333333333333,-0.3269112166766798,-0.6973988479218696
18036,32,3,405.62,234,77,135.20666666666668,0.3942363227518414,-0.27514975830042915
18037,154,6,33.17,17,16,5.528333333333333,-3.3550432807460453,-2.961521682182603
18040,19,2,340.20000000000005,146,17,170.10000000000002,-0.39343398042044947,-0.2666384527412668
18041,12,21,2712.54,2260,263,129.16857142857143,3.6028605849734157,-1.5855675609770248
18042,54,1,93.35,27,6,93.35,-2.565408293657043,-0.3017347011769393
18043,25,3,456.81,272,98,152.27,0.6900156230194496,-0.24021354351770732
18044,4,10,1334.46,945,69,133.446,2.3053138443402204,-1.6707034178582312
18045,45,1,156.15,138,39,156.15,-0.842975912956702,0.33489425948317975
18048,203,2,50.97,43,4,25.485,-3.337135964350584,-1.1169029959238335
18050,359,1,74.4,40,5,74.4,-3.0780299445976613,0.3007612496083706
18053,71,1,283.02,300,19,283.02,-0.46923862072850525,1.02335354183676
18055,7,10,4900.64,2026,193,490.064,3.9151309883289627,-0.2010860759269446
18056,288,1,293.7,206,17,293.7,-0.9225444877700322,1.6034222632650157
18058,10,1,6.959999999999999,24,1,6.959999999999999,-4.7143999844360325,-3.252265124233708
18059,23,3,237.45999999999998,238,15,79.15333333333332,-0.5853133274575278,-1.0171577382004877
18061,108,7,489.49,201,9,69.92714285714285,-0.5387811773027376,-1.005247677990492
18062,173,3,282.45000000000005,111,12,94.15000000000002,-1.2411460433680526,-0.10676454181379108
18064,133,1,48.0,24,3,48.0,-3.544770840164596,-0.5585363959016633
18065,6,14,1803.16,878,87,128.79714285714286,2.5768180101147315,-1.752872527895962
18066,75,1,202.2,72,8,202.2,-1.5800782315938275,0.5874674914078917
18067,40,1,319.03,182,34,319.03,-0.20788067084681605,0.9111168488337351
18069,26,5,1879.85,1259,322,375.96999999999997,2.854239163460415,0.5010333287377787
18071,258,2,369.4,220,19,184.7,-0.6995204310676348,0.9140803380385537
18072,186,1,200.64000000000001,264,17,200.64000000000001,-1.0381938185773512,1.1069340279533955
18073,114,11,646.1,346,14,58.73636363636364,0.0785837486536475,-1.3316893892050607
18074,374,1,143.60000000000002,46,7,143.60000000000002,-2.4063292867046004,0.9203487241205751
18075,23,10,1949.7900000000002,1214,77,194.979,2.3951255520303443,-0.6589736027143696
18077,8,11,2327.29,1714,101,211.57181818181817,2.993862438046519,-1.0101516641194852
18078,217,2,142.63,89,23,71.315,-1.6636745458783024,-0.020802662553024116
18079,45,3,570.91,1009,60,190.3033333333333,1.0218964794691623,0.23197390797935633
18081,36,3,290.58000000000004,156,11,96.86000000000001,-0.7890640619181174,-0.716322774451873
18082,26,1,585.41,445,55,585.41,0.8748821382859954,1.3652368651615332
18085,330,2,407.35,205,23,203.675,-0.6286206660123365,1.113975697666625
18086,274,1,101.34,106,7,101.34,-2.3137156722664254,0.5433112621339219
18088,61,1,133.67000000000002,106,32,133.67000000000002,-1.2026390111755512,0.2905402594383429
18092,39,4,217.6,104,8,54.4,-1.2813763989147169,-1.379631197169629
18093,120,2,206.0,160,10,103.0,-1.347148990567173,0.014020193989155412
18094,82,6,810.9200000000001,520,28,135.15333333333334,0.673588877051068,-0.30075528027312753
18095,313,2,283.8,200,15,141.9,-1.0733397245867728,0.7396553592179064
18096,12,3,727.13,561,144,242.37666666666667,1.623652319233318,-0.0452639633902245
18097,8,6,1329.22,914,43,221.53666666666666,1.9218094284032936,-0.7280289371045296
18099,127,1,160.36,148,18,160.36,-1.3190077458787905,0.721632089947679
18101,11,2,163.95,82,35,81.975,-0.78612883314339,-1.0832559454481856
18102,1,9,577.25,246,21,64.13888888888889,0.8831755576583309,-2.8174464116880142
18104,37,1,424.64,322,28,424.64,0.16564678875884142,1.1470004782951433
18105,38,1,103.53,45,17,103.53,-1.8507437093564625,-0.2359230706177279
18106,330,1,196.9,78,24,196.9,-1.4858693664309706,1.2815166218753238
18108,254,1,201.2,76,13,201.2,-1.6530445096141053,1.1350901418855186
18109,2,26,2563.92,1042,102,98.6123076923077,3.2541195683651436,-2.710007726360939
18110,20,1,218.4,84,31,218.4,-0.6745449298258743,0.24382404315978531
18112,12,2,198.52,100,18,99.26,-0.8378848009295602,-0.9318618824482003
18114,290,1,137.9,48,22,137.9,-1.944841121225196,0.8804932514635269
18116,68,8,1099.07,704,218,137.38375,1.9014079340033188,-0.3237098426994189
18117,26,1,225.74,256,60,225.74,-0.04382607176764646,0.5102853668482531
18118,11,26,4672.75,2496,400,179.72115384615384,4.284803198181009,-1.426511874142479
18119,368,1,84.41,53,25,84.41,-2.2978566284178026,0.5745798113997758
18120,214,1,75.35,27,14,75.35,-2.726829800133651,0.1564081848402713
18121,149,2,465.84000000000003,340,23,232.92000000000002,-0.16635395447302392,0.9315509886053936
18122,8,6,1642.77,1052,225,273.795,2.7951029257092146,-0.3823486367170644
18123,24,2,389.16,294,26,194.58,0.07881134940069613,0.026619875835826895
18125,30,4,1035.31,668,158,258.8275,1.8244375367019905,0.24853021753139704
18126,61,1,198.58,143,51,198.58,-0.6011701175306728,0.6947753362868567
18127,19,3,258.74,146,36,86.24666666666667,-0.31876595327239965,-0.973111143728508
18129,243,1,99.80000000000001,47,12,99.80000000000001,-2.3961106515165076,0.4730178035995021
18130,15,3,941.1600000000001,685,50,313.72,1.436232485643754,0.1808854579661351
18135,29,4,90.05,47,10,22.5125,-2.10834640450202,-2.279712266558767
18136,63,3,597.53,341,31,199.17666666666665,0.33434461869258025,0.2787989285820706
18138,295,1,67.80000000000001,28,4,67.80000000000001,-3.306350338401818,0.09938531288530227
18139,18,6,1635.06,1583,18,272.51,1.7848227409933668,-0.27806482653514364
18142,216,1,55.2,36,3,55.2,-3.399503304139784,-0.2116646449811268
18143,117,2,895.8100000000001,557,52,447.90500000000003,0.898881388223504,1.5045476145657173
18144,31,8,253.15,95,11,31.64375,-0.968516609331053,-2.305638293253365
18145,13,4,2716.12,2476,168,679.03,3.2610750863232005,0.8441101846132599
18146,141,2,160.35,153,10,80.175,-1.59519685073717,-0.1375695483159974
18147,46,2,108.24000000000001,104,5,54.120000000000005,-2.042332797202433,-1.019521025038819
18149,51,3,225.1,104,8,75.03333333333333,-1.3254743393204962,-0.8466597266789682
18150,32,3,566.58,332,29,188.86,0.40198079925655,-0.052536008247268715
18151,135,2,560.7,346,34,280.35,0.15886957225404805,1.0875871801529127
18154,3,2,360.94,252,14,180.47,0.12997469356758454,-0.8712662822686061
18155,75,3,351.46,218,19,117.15333333333332,-0.4717993356575687,-0.18121201020723213
18156,13,2,698.49,298,98,349.245,1.1928598601229579,0.4131325144391826
18158,9,2,453.4,354,24,226.7,0.436593796791307,-0.2200008865366911
18159,301,1,257.25,113,16,257.25,-1.2761461423648315,1.4626569323563121
18160,57,2,499.06,248,30,249.53,0.08458827232557631,0.5965561808309578
18161,15,5,1241.42,715,44,248.28400000000002,1.6468378116697169,-0.29924196127632297
18164,37,1,337.4,177,20,337.4,-0.36150683322218646,0.8783188899694687
18165,177,1,78.66,114,8,78.66,-2.3436041132271037,0.15875644373020084
18167,23,3,465.00000000000006,184,12,155.00000000000003,-0.2321652790908495,-0.4734730316056483
18168,176,6,824.18,472,85,137.36333333333332,0.9204373653297732,0.1257914708428397
18169,61,1,151.65,57,8,151.65,-1.8455805812076471,0.23821401179154933
18170,33,3,450.91,213,23,150.30333333333334,-0.034532436538975225,-0.2873692831518785
18171,59,5,558.6800000000001,278,29,111.73600000000002,0.22267131658826106,-0.5357986770715416
18172,31,14,2377.06,1268,64,169.79,2.473928765930111,-0.8814896116068972
18173,87,4,235.96000000000004,100,10,58.99000000000001,-1.324451985158353,-0.9637492099675862
18176,358,1,419.05,277,27,419.05,-0.40540057748606195,2.0632680346615704
18177,31,6,987.82,540,48,164.63666666666668,1.2617616900567983,-0.477927558381647
18178,129,4,1521.22,882,75,380.305,1.6198812439055512,1.1321542114923844
18179,9,5,1233.24,863,73,246.648,2.011858074044928,-0.4431370630211862
18180,5,6,1637.38,1250,98,272.8966666666667,2.6135210836962672,-0.6209360270407155
18181,24,1,340.35,142,37,340.35,-0.10497200780953395,0.7515669153855604
18183,227,2,512.87,299,31,256.435,-0.11347707782039712,1.20885721978422
18185,249,1,214.25,175,14,214.25,-1.2715439794306114,1.2416577536471718
18188,15,3,1200.6000000000001,712,52,400.20000000000005,1.6581741578186444,0.39831351998446046
18189,78,2,891.34,542,56,445.67,1.002074774135273,1.3371241178009676
18190,192,2,219.16000000000003,134,11,109.58000000000001,-1.4298277865806344,0.2596641747310747
18191,262,1,37.4,44,2,37.4,-3.787506320070245,-0.4766633762122163
18192,72,1,628.02,272,35,628.02,0.3575622303445384,1.7696395299384928
18193,165,1,208.91,121,14,208.91,-1.3347109886830586,1.0243140800919215
18196,95,2,588.43,424,125,294.215,0.8595843936898214,1.1164565181673745
18198,4,16,1545.88,1052,69,96.6175,2.5213794065235025,-2.2360755961559984
18200,106,1,163.8,111,29,163.8,-1.183805389928928,0.6889477350236959
18202,200,3,1019.39,539,42,339.7966666666667,0.789707878246297,1.2788435277082908
18203,157,1,72.07,31,15,72.07,-2.619836357097599,0.003890871254996707
18204,71,3,1524.03,1090,141,508.01,2.0661218546485745,1.355461420984644
18205,36,2,369.26,156,22,184.63,-0.3415753926561816,0.08924286511643313
18209,29,1,139.10000000000002,58,8,139.10000000000002,-1.7482868021373839,-0.1394617080328328
18210,2,6,1774.98,996,85,295.83,2.6905060139962496,-0.8693100339054971
18211,26,5,475.47,325,34,95.09400000000001,0.38880305936556636,-0.98485088555532
18212,326,1,207.82,97,27,207.82,-1.317080724022166,1.347829406722206
18213,237,1,232.48000000000002,232,15,232.48000000000002,-1.0687104830297005,1.3161514790484392
18215,89,1,215.94,90,11,215.94,-1.3701635600348057,0.7565162332483713
18216,31,1,360.85,189,20,360.85,-0.2470882192360594,0.8688919913881968
18217,29,2,515.67,347,26,257.835,0.3210914559802651,0.35770566145667143
18218,211,2,251.4,172,13,125.7,-1.1906586132392136,0.44807121384673043
18219,3,10,1616.92,839,50,161.692,2.3358869172190184,-1.6354984278262399
18221,22,5,874.22,620,52,174.844,1.3041113994782945,-0.44502566290513396
18222,93,1,252.75,180,12,252.75,-0.9739371665100998,0.963517015296057
18223,5,14,4520.88,2218,102,322.92,3.7358992236934214,-0.946087126120505
18224,264,1,158.95000000000002,69,10,158.95000000000002,-1.978302179892385,0.9184614982929522
18225,3,12,3487.51,2223,134,290.62583333333333,3.708664854501849,-1.0854167525798084
18226,44,11,3612.61,2343,118,328.4190909090909,3.1639521405453954,0.0802578154051624
18227,218,1,30.0,16,2,30.0,-4.270261236863433,-0.8032380154914082
18228,57,2,552.85,199,21,276.425,-0.05131900025840085,0.6389593567058524
18229,12,18,1907.54,1010,34,105.97444444444444,2.2021254254455647,-1.8986466824250618
18230,9,7,1272.1000000000001,704,30,181.72857142857146,1.6437338945084996,-0.9945759367678477
18231,192,5,1342.02,651,83,268.404,1.3786275456073818,0.8637516377450922
18232,82,4,533.57,296,27,133.3925,0.09548590894835939,-0.128080812838419
18235,72,3,1398.58,1224,86,466.1933333333333,1.8410913187315996,1.248420109366127
18236,30,6,774.09,386,38,129.01500000000001,0.8634029268878717,-0.7452634552211767
18237,3,5,819.5699999999999,515,32,163.914,1.3795931316867895,-1.2900841142068638
18239,219,5,1411.01,761,75,282.202,1.4060874186329868,0.9629170162359753
18240,46,1,54.18000000000001,54,4,54.18000000000001,-2.845655623153182,-0.8217542772189089
18241,10,17,1648.04,992,52,96.9435294117647,2.2749164289613244,-1.9713005594982353
18242,72,4,882.7,504,51,220.675,0.9613759137245622,0.3463184275693566
18245,7,7,2266.4300000000003,1695,139,323.77571428571434,3.071081121182781,-0.38920417798229134
18246,233,1,29.5,10,1,29.5,-4.6179126714643814,-0.8559471278077899
18248,123,2,599.84,425,34,299.92,0.3068696750923283,1.1208123820276648
18249,17,1,81.66,56,6,81.66,-2.167509545446241,-0.8383758961466151
18250,310,1,270.62,158,17,270.62,-1.0989746247580394,1.5459561012371268
18252,51,2,385.67,227,81,192.835,0.2623411093082181,0.4126105266893469
18255,89,1,103.30000000000001,74,6,103.30000000000001,-2.236329544221282,0.05618800015486901
18257,39,8,1783.56,824,83,222.945,2.076737036574063,-0.21230683427645416
18259,85,2,339.1,144,16,169.55,-0.743446312864829,0.33540951706105443
18260,173,6,1848.7,1138,77,308.1166666666667,1.8422089786582325,0.8666883402509308
18261,43,2,314.29,145,18,157.145,-0.6095153745736033,-0.0002471805301860101
18262,140,1,149.48,182,13,149.48,-1.4431487458828027,0.6862964609918303
18263,26,3,961.2,980,48,320.40000000000003,1.4520299950978128,0.43800387325038365
18265,72,2,609.11,293,34,304.555,0.300503468842011,0.8879278013428233
18269,366,1,129.0,52,6,129.0,-2.495782559703944,0.8140561545023269
18270,38,2,191.70000000000002,90,9,95.85000000000001,-1.4008200923752518,-0.5685046139561905
18272,3,6,2637.46,1518,87,439.57666666666665,3.102734944899257,-0.3753844402088044
18274,30,1,163.17,87,10,163.17,-1.4044517056240717,0.0571122208124546
18276,44,1,213.46,138,12,213.46,-1.0416313054570938,0.491260754287061
18277,58,1,110.38,68,8,110.38,-2.0214386882705946,-0.045531233630809145
18278,74,1,173.9,66,9,173.9,-1.6849642697695404,0.45564167843833664
18280,278,1,137.0,40,8,137.0,-2.3809708515816492,0.7578878684381436
18281,181,1,46.92,52,5,46.92,-3.194557244978847,-0.36270697251781725
18282,8,2,113.13000000000001,51,8,56.565000000000005,-1.7383381004210436,-1.6822226171552368
18283,4,16,2051.98,1393,259,128.24875,3.3716599741197397,-1.8507184446547402
18287,43,3,806.86,712,43,268.9533333333333,1.0477851974540515,0.45986843374389086
